"../../../Engine/Content/EditorResources/S_Actor.ubulk" 0
"../../../Engine/Content/EditorResources/S_Actor.uasset" 1
"../../../Engine/Content/EditorResources/S_Actor.uexp" 2
"../../../Engine/Content/EditorResources/S_BoxReflectionCapture.uasset" 3
"../../../Engine/Content/EditorResources/S_BoxReflectionCapture.uexp" 4
"../../../Engine/Content/EngineResources/DefaultTexture.ubulk" 5
"../../../Engine/Content/EngineResources/DefaultTexture.uasset" 6
"../../../Engine/Content/EngineResources/DefaultTexture.uexp" 7
"../../../Engine/Content/EngineResources/DefaultTextureCube.uasset" 8
"../../../Engine/Content/EngineResources/DefaultTextureCube.uexp" 9
"../../../Engine/Content/EngineResources/DefaultVolumeTexture2D.uasset" 10
"../../../Engine/Content/EngineResources/DefaultVolumeTexture2D.uexp" 11
"../../../Engine/Content/EngineResources/DefaultVolumeTexture.uasset" 12
"../../../Engine/Content/EngineResources/DefaultVolumeTexture.uexp" 13
"../../../Engine/Content/EditorResources/S_Trigger.ubulk" 14
"../../../Engine/Content/EditorResources/S_Trigger.uasset" 15
"../../../Engine/Content/EditorResources/S_Trigger.uexp" 16
"../../../Engine/Content/EditorResources/S_TriggerBox.uasset" 17
"../../../Engine/Content/EditorResources/S_TriggerBox.uexp" 18
"../../../Engine/Content/EditorResources/S_TriggerCapsule.uasset" 19
"../../../Engine/Content/EditorResources/S_TriggerCapsule.uexp" 20
"../../../Engine/Content/EditorResources/S_TriggerSphere.uasset" 21
"../../../Engine/Content/EditorResources/S_TriggerSphere.uexp" 22
"../../../Engine/Content/EngineMeshes/Sphere.ubulk" 23
"../../../Engine/Content/EngineMeshes/Sphere.uasset" 24
"../../../Engine/Content/EngineMeshes/Sphere.uexp" 25
"../../../Engine/Content/EngineResources/GradientTexture0.uasset" 26
"../../../Engine/Content/EngineResources/GradientTexture0.uexp" 27
"../../../Engine/Content/EngineResources/Black.uasset" 28
"../../../Engine/Content/EngineResources/Black.uexp" 29
"../../../Engine/Content/VREditor/LaserPointer/VR_LaserPower_01.ubulk" 30
"../../../Engine/Content/VREditor/LaserPointer/VR_LaserPower_01.uasset" 31
"../../../Engine/Content/VREditor/LaserPointer/VR_LaserPower_01.uexp" 32
"../../../Engine/Content/VREditor/TransformGizmo/TransformGizmoMaterial.uasset" 33
"../../../Engine/Content/VREditor/TransformGizmo/TransformGizmoMaterial.uexp" 34
"../../../Engine/Content/VREditor/TransformGizmo/TranslucentTransformGizmoMaterial.uasset" 35
"../../../Engine/Content/VREditor/TransformGizmo/TranslucentTransformGizmoMaterial.uexp" 36
"../../../Engine/Content/VREditor/TransformGizmo/BoundingBoxCorner.ubulk" 37
"../../../Engine/Content/VREditor/TransformGizmo/BoundingBoxCorner.uasset" 38
"../../../Engine/Content/VREditor/TransformGizmo/BoundingBoxCorner.uexp" 39
"../../../Engine/Content/VREditor/TransformGizmo/BoundingBoxEdge.ubulk" 40
"../../../Engine/Content/VREditor/TransformGizmo/BoundingBoxEdge.uasset" 41
"../../../Engine/Content/VREditor/TransformGizmo/BoundingBoxEdge.uexp" 42
"../../../Engine/Content/VREditor/TransformGizmo/Main.uasset" 43
"../../../Engine/Content/VREditor/TransformGizmo/Main.uexp" 44
"../../../Engine/Content/VREditor/TransformGizmo/Xray.uasset" 45
"../../../Engine/Content/VREditor/TransformGizmo/Xray.uexp" 46
"../../../Engine/Content/VREditor/TransformGizmo/SM_Sequencer_Node.ubulk" 47
"../../../Engine/Content/VREditor/TransformGizmo/SM_Sequencer_Node.uasset" 48
"../../../Engine/Content/VREditor/TransformGizmo/SM_Sequencer_Node.uexp" 49
"../../../Engine/Content/EditorResources/S_Solver.ubulk" 50
"../../../Engine/Content/EditorResources/S_Solver.uasset" 51
"../../../Engine/Content/EditorResources/S_Solver.uexp" 52
"../../../Engine/Content/EditorMaterials/Camera/CineMat.uasset" 53
"../../../Engine/Content/EditorMaterials/Camera/CineMat.uexp" 54
"../../../Engine/Content/EditorMaterials/Camera/MI_CineMat_Rig.uasset" 55
"../../../Engine/Content/EditorMaterials/Camera/MI_CineMat_Rig.uexp" 56
"../../../Engine/Content/EditorMeshes/Camera/SM_CraneRig_Base.ubulk" 57
"../../../Engine/Content/EditorMeshes/Camera/SM_CraneRig_Base.uasset" 58
"../../../Engine/Content/EditorMeshes/Camera/SM_CraneRig_Base.uexp" 59
"../../../Engine/Content/EditorMeshes/Camera/SM_CraneRig_Arm.ubulk" 60
"../../../Engine/Content/EditorMeshes/Camera/SM_CraneRig_Arm.uasset" 61
"../../../Engine/Content/EditorMeshes/Camera/SM_CraneRig_Arm.uexp" 62
"../../../Engine/Content/EditorMeshes/Camera/SM_CraneRig_Mount.ubulk" 63
"../../../Engine/Content/EditorMeshes/Camera/SM_CraneRig_Mount.uasset" 64
"../../../Engine/Content/EditorMeshes/Camera/SM_CraneRig_Mount.uexp" 65
"../../../Engine/Content/EditorMeshes/Camera/SM_CraneRig_Body.ubulk" 66
"../../../Engine/Content/EditorMeshes/Camera/SM_CraneRig_Body.uasset" 67
"../../../Engine/Content/EditorMeshes/Camera/SM_CraneRig_Body.uexp" 68
"../../../Engine/Content/EditorMeshes/Camera/SM_RailRig_Track.ubulk" 69
"../../../Engine/Content/EditorMeshes/Camera/SM_RailRig_Track.uasset" 70
"../../../Engine/Content/EditorMeshes/Camera/SM_RailRig_Track.uexp" 71
"../../../Engine/Content/EditorMeshes/Camera/SM_RailRig_Mount.ubulk" 72
"../../../Engine/Content/EditorMeshes/Camera/SM_RailRig_Mount.uasset" 73
"../../../Engine/Content/EditorMeshes/Camera/SM_RailRig_Mount.uexp" 74
"../../../Engine/Content/EngineMaterials/T_Default_Material_Grid_M.ubulk" 75
"../../../Engine/Content/EngineMaterials/T_Default_Material_Grid_M.uasset" 76
"../../../Engine/Content/EngineMaterials/T_Default_Material_Grid_M.uexp" 77
"../../../Engine/Content/EngineMaterials/T_Default_Material_Grid_N.ubulk" 78
"../../../Engine/Content/EngineMaterials/T_Default_Material_Grid_N.uasset" 79
"../../../Engine/Content/EngineMaterials/T_Default_Material_Grid_N.uexp" 80
"../../../Engine/Content/Functions/Engine_MaterialFunctions01/Opacity/CameraDepthFade.uasset" 81
"../../../Engine/Content/Functions/Engine_MaterialFunctions01/Opacity/CameraDepthFade.uexp" 82
"../../../Engine/Content/EngineMaterials/WorldGridMaterial.uasset" 83
"../../../Engine/Content/EngineMaterials/WorldGridMaterial.uexp" 84
"../../../Engine/Content/ArtTools/RenderToTexture/Meshes/S_1_Unit_Plane.ubulk" 85
"../../../Engine/Content/ArtTools/RenderToTexture/Meshes/S_1_Unit_Plane.uasset" 86
"../../../Engine/Content/ArtTools/RenderToTexture/Meshes/S_1_Unit_Plane.uexp" 87
"../../../Engine/Content/EditorMaterials/ParticleSystems/PSysThumbnail_NoImage.ubulk" 88
"../../../Engine/Content/EditorMaterials/ParticleSystems/PSysThumbnail_NoImage.uasset" 89
"../../../Engine/Content/EditorMaterials/ParticleSystems/PSysThumbnail_NoImage.uexp" 90
"../../../Engine/Content/EditorMaterials/ParticleSystems/PSysThumbnail_OOD.ubulk" 91
"../../../Engine/Content/EditorMaterials/ParticleSystems/PSysThumbnail_OOD.uasset" 92
"../../../Engine/Content/EditorMaterials/ParticleSystems/PSysThumbnail_OOD.uexp" 93
"../../../Engine/Content/EditorLandscapeResources/SplineEditorMeshMat.uasset" 94
"../../../Engine/Content/EditorLandscapeResources/SplineEditorMeshMat.uexp" 95
"../../../Engine/Content/EditorLandscapeResources/SplineEditorMesh.ubulk" 96
"../../../Engine/Content/EditorLandscapeResources/SplineEditorMesh.uasset" 97
"../../../Engine/Content/EditorLandscapeResources/SplineEditorMesh.uexp" 98
"../../../Engine/Plugins/Media/MediaPlate/Content/SM_MediaPlateScreen.ubulk" 99
"../../../Engine/Plugins/Media/MediaPlate/Content/SM_MediaPlateScreen.uasset" 100
"../../../Engine/Plugins/Media/MediaPlate/Content/SM_MediaPlateScreen.uexp" 101
"../../../Engine/Content/EngineMaterials/DefaultBokeh.uasset" 102
"../../../Engine/Content/EngineMaterials/DefaultBokeh.uexp" 103
"../../../Engine/Content/EngineMaterials/MiniFont.uasset" 104
"../../../Engine/Content/EngineMaterials/MiniFont.uexp" 105
"../../../Engine/Content/EngineMaterials/WeightMapPlaceholderTexture.uasset" 106
"../../../Engine/Content/EngineMaterials/WeightMapPlaceholderTexture.uexp" 107
"../../../Engine/Content/EngineMaterials/WeightMapArrayPlaceholderTexture.uasset" 108
"../../../Engine/Content/EngineMaterials/WeightMapArrayPlaceholderTexture.uexp" 109
"../../../Engine/Content/EngineMaterials/DefaultWhiteGrid.ubulk" 110
"../../../Engine/Content/EngineMaterials/DefaultWhiteGrid.uasset" 111
"../../../Engine/Content/EngineMaterials/DefaultWhiteGrid.uexp" 112
"../../../Engine/Content/EngineMaterials/PreintegratedSkinBRDF.uasset" 113
"../../../Engine/Content/EngineMaterials/PreintegratedSkinBRDF.uexp" 114
"../../../Engine/Content/BasicShapes/Cube.ubulk" 115
"../../../Engine/Content/BasicShapes/Cube.uasset" 116
"../../../Engine/Content/BasicShapes/Cube.uexp" 117
"../../../Engine/Content/BasicShapes/BasicShapeMaterial.uasset" 118
"../../../Engine/Content/BasicShapes/BasicShapeMaterial.uexp" 119
"C:/Users/Brad/Jones Dropbox/Brad Jones/PC/Desktop/ProjectRoguelite/Content/Blueprints/Other/BP_Box.uasset" 120
"C:/Users/Brad/Jones Dropbox/Brad Jones/PC/Desktop/ProjectRoguelite/Content/Blueprints/Other/BP_Box.uexp" 121
"C:/Users/Brad/Jones Dropbox/Brad Jones/PC/Desktop/ProjectRoguelite/Content/Characters/Mannequin_UE4/Textures/T_UELogo_N_TGA.ubulk" 122
"C:/Users/Brad/Jones Dropbox/Brad Jones/PC/Desktop/ProjectRoguelite/Content/Characters/Mannequin_UE4/Textures/T_UELogo_N_TGA.uasset" 123
"C:/Users/Brad/Jones Dropbox/Brad Jones/PC/Desktop/ProjectRoguelite/Content/Characters/Mannequin_UE4/Textures/T_UELogo_N_TGA.uexp" 124
"C:/Users/Brad/Jones Dropbox/Brad Jones/PC/Desktop/ProjectRoguelite/Content/Characters/Mannequin_UE4/Textures/T_UE4_Mannequin__normals.ubulk" 125
"C:/Users/Brad/Jones Dropbox/Brad Jones/PC/Desktop/ProjectRoguelite/Content/Characters/Mannequin_UE4/Textures/T_UE4_Mannequin__normals.uasset" 126
"C:/Users/Brad/Jones Dropbox/Brad Jones/PC/Desktop/ProjectRoguelite/Content/Characters/Mannequin_UE4/Textures/T_UE4_Mannequin__normals.uexp" 127
"C:/Users/Brad/Jones Dropbox/Brad Jones/PC/Desktop/ProjectRoguelite/Content/Characters/Mannequin_UE4/Materials/Layers/ML_ShinyPlastic_Beige.uasset" 128
"C:/Users/Brad/Jones Dropbox/Brad Jones/PC/Desktop/ProjectRoguelite/Content/Characters/Mannequin_UE4/Materials/Layers/ML_ShinyPlastic_Beige.uexp" 129
"../../../Engine/Content/Functions/Engine_MaterialFunctions02/Utility/BlendAngleCorrectedNormals.uasset" 130
"../../../Engine/Content/Functions/Engine_MaterialFunctions02/Utility/BlendAngleCorrectedNormals.uexp" 131
"../../../Engine/Content/Functions/MaterialLayerFunctions/MatLayerBlend_NormalBlend.uasset" 132
"../../../Engine/Content/Functions/MaterialLayerFunctions/MatLayerBlend_NormalBlend.uexp" 133
"C:/Users/Brad/Jones Dropbox/Brad Jones/PC/Desktop/ProjectRoguelite/Content/Characters/Mannequin_UE4/Textures/T_UELogo_Mask.ubulk" 134
"C:/Users/Brad/Jones Dropbox/Brad Jones/PC/Desktop/ProjectRoguelite/Content/Characters/Mannequin_UE4/Textures/T_UELogo_Mask.uasset" 135
"C:/Users/Brad/Jones Dropbox/Brad Jones/PC/Desktop/ProjectRoguelite/Content/Characters/Mannequin_UE4/Textures/T_UELogo_Mask.uexp" 136
"C:/Users/Brad/Jones Dropbox/Brad Jones/PC/Desktop/ProjectRoguelite/Content/Characters/Mannequin_UE4/Materials/Layers/ML_ShinyPlastic_Beige_Logo.uasset" 137
"C:/Users/Brad/Jones Dropbox/Brad Jones/PC/Desktop/ProjectRoguelite/Content/Characters/Mannequin_UE4/Materials/Layers/ML_ShinyPlastic_Beige_Logo.uexp" 138
"C:/Users/Brad/Jones Dropbox/Brad Jones/PC/Desktop/ProjectRoguelite/Content/Characters/Mannequin_UE4/Textures/T_UE4_Mannequin_MAT_MASKA.ubulk" 139
"C:/Users/Brad/Jones Dropbox/Brad Jones/PC/Desktop/ProjectRoguelite/Content/Characters/Mannequin_UE4/Textures/T_UE4_Mannequin_MAT_MASKA.uasset" 140
"C:/Users/Brad/Jones Dropbox/Brad Jones/PC/Desktop/ProjectRoguelite/Content/Characters/Mannequin_UE4/Textures/T_UE4_Mannequin_MAT_MASKA.uexp" 141
"C:/Users/Brad/Jones Dropbox/Brad Jones/PC/Desktop/ProjectRoguelite/Content/Characters/Mannequin_UE4/Textures/T_ML_Aluminum01_N.ubulk" 142
"C:/Users/Brad/Jones Dropbox/Brad Jones/PC/Desktop/ProjectRoguelite/Content/Characters/Mannequin_UE4/Textures/T_ML_Aluminum01_N.uasset" 143
"C:/Users/Brad/Jones Dropbox/Brad Jones/PC/Desktop/ProjectRoguelite/Content/Characters/Mannequin_UE4/Textures/T_ML_Aluminum01_N.uexp" 144
"C:/Users/Brad/Jones Dropbox/Brad Jones/PC/Desktop/ProjectRoguelite/Content/Characters/Mannequin_UE4/Textures/T_ML_Aluminum01.ubulk" 145
"C:/Users/Brad/Jones Dropbox/Brad Jones/PC/Desktop/ProjectRoguelite/Content/Characters/Mannequin_UE4/Textures/T_ML_Aluminum01.uasset" 146
"C:/Users/Brad/Jones Dropbox/Brad Jones/PC/Desktop/ProjectRoguelite/Content/Characters/Mannequin_UE4/Textures/T_ML_Aluminum01.uexp" 147
"C:/Users/Brad/Jones Dropbox/Brad Jones/PC/Desktop/ProjectRoguelite/Content/Characters/Mannequin_UE4/Materials/Layers/ML_SoftMetal.uasset" 148
"C:/Users/Brad/Jones Dropbox/Brad Jones/PC/Desktop/ProjectRoguelite/Content/Characters/Mannequin_UE4/Materials/Layers/ML_SoftMetal.uexp" 149
"../../../Engine/Content/Functions/MaterialLayerFunctions/MatLayerBlend_Simple.uasset" 150
"../../../Engine/Content/Functions/MaterialLayerFunctions/MatLayerBlend_Simple.uexp" 151
"C:/Users/Brad/Jones Dropbox/Brad Jones/PC/Desktop/ProjectRoguelite/Content/Characters/Mannequin_UE4/Textures/T_ML_Rubber_Blue_01_N.ubulk" 152
"C:/Users/Brad/Jones Dropbox/Brad Jones/PC/Desktop/ProjectRoguelite/Content/Characters/Mannequin_UE4/Textures/T_ML_Rubber_Blue_01_N.uasset" 153
"C:/Users/Brad/Jones Dropbox/Brad Jones/PC/Desktop/ProjectRoguelite/Content/Characters/Mannequin_UE4/Textures/T_ML_Rubber_Blue_01_N.uexp" 154
"C:/Users/Brad/Jones Dropbox/Brad Jones/PC/Desktop/ProjectRoguelite/Content/Characters/Mannequin_UE4/Textures/T_ML_Rubber_Blue_01_D.ubulk" 155
"C:/Users/Brad/Jones Dropbox/Brad Jones/PC/Desktop/ProjectRoguelite/Content/Characters/Mannequin_UE4/Textures/T_ML_Rubber_Blue_01_D.uasset" 156
"C:/Users/Brad/Jones Dropbox/Brad Jones/PC/Desktop/ProjectRoguelite/Content/Characters/Mannequin_UE4/Textures/T_ML_Rubber_Blue_01_D.uexp" 157
"C:/Users/Brad/Jones Dropbox/Brad Jones/PC/Desktop/ProjectRoguelite/Content/Characters/Mannequin_UE4/Materials/Layers/ML_Latex_Black.uasset" 158
"C:/Users/Brad/Jones Dropbox/Brad Jones/PC/Desktop/ProjectRoguelite/Content/Characters/Mannequin_UE4/Materials/Layers/ML_Latex_Black.uexp" 159
"C:/Users/Brad/Jones Dropbox/Brad Jones/PC/Desktop/ProjectRoguelite/Content/Characters/Mannequin_UE4/Materials/M_MannequinUE4_Body.uasset" 160
"C:/Users/Brad/Jones Dropbox/Brad Jones/PC/Desktop/ProjectRoguelite/Content/Characters/Mannequin_UE4/Materials/M_MannequinUE4_Body.uexp" 161
"C:/Users/Brad/Jones Dropbox/Brad Jones/PC/Desktop/ProjectRoguelite/Content/Characters/Mannequin_UE4/Materials/M_MannequinUE4_ChestLogo.uasset" 162
"C:/Users/Brad/Jones Dropbox/Brad Jones/PC/Desktop/ProjectRoguelite/Content/Characters/Mannequin_UE4/Materials/M_MannequinUE4_ChestLogo.uexp" 163
"C:/Users/Brad/Jones Dropbox/Brad Jones/PC/Desktop/ProjectRoguelite/Content/Characters/Mannequin_UE4/Meshes/SK_Mannequin_PhysicsAsset.uasset" 164
"C:/Users/Brad/Jones Dropbox/Brad Jones/PC/Desktop/ProjectRoguelite/Content/Characters/Mannequin_UE4/Meshes/SK_Mannequin_PhysicsAsset.uexp" 165
"C:/Users/Brad/Jones Dropbox/Brad Jones/PC/Desktop/ProjectRoguelite/Content/Characters/Mannequin_UE4/Meshes/SK_Mannequin_Skeleton.uasset" 166
"C:/Users/Brad/Jones Dropbox/Brad Jones/PC/Desktop/ProjectRoguelite/Content/Characters/Mannequin_UE4/Meshes/SK_Mannequin_Skeleton.uexp" 167
"C:/Users/Brad/Jones Dropbox/Brad Jones/PC/Desktop/ProjectRoguelite/Content/Characters/Mannequin_UE4/Meshes/SK_Mannequin.uasset" 168
"C:/Users/Brad/Jones Dropbox/Brad Jones/PC/Desktop/ProjectRoguelite/Content/Characters/Mannequin_UE4/Meshes/SK_Mannequin.uexp" 169
"C:/Users/Brad/Jones Dropbox/Brad Jones/PC/Desktop/ProjectRoguelite/Content/Blueprints/Other/BP_TargetDummy.uasset" 170
"C:/Users/Brad/Jones Dropbox/Brad Jones/PC/Desktop/ProjectRoguelite/Content/Blueprints/Other/BP_TargetDummy.uexp" 171
"../../../Engine/Content/EngineMaterials/DefaultMaterial.uasset" 172
"../../../Engine/Content/EngineMaterials/DefaultMaterial.uexp" 173
"../../../Engine/Content/BasicShapes/Sphere.ubulk" 174
"../../../Engine/Content/BasicShapes/Sphere.uasset" 175
"../../../Engine/Content/BasicShapes/Sphere.uexp" 176
"C:/Users/Brad/Jones Dropbox/Brad Jones/PC/Desktop/ProjectRoguelite/Content/ThirdPerson/Character/SK_Player.uasset" 177
"C:/Users/Brad/Jones Dropbox/Brad Jones/PC/Desktop/ProjectRoguelite/Content/ThirdPerson/Character/SK_Player.uexp" 178
"../../../Engine/Plugins/Animation/ACLPlugin/Content/ACLAnimBoneCompressionSettings.uasset" 179
"../../../Engine/Plugins/Animation/ACLPlugin/Content/ACLAnimBoneCompressionSettings.uexp" 180
"../../../Engine/Content/Animation/DefaultVariableFrameStrippingSettings.uasset" 181
"../../../Engine/Content/Animation/DefaultVariableFrameStrippingSettings.uexp" 182
"../../../Engine/Plugins/Animation/ACLPlugin/Content/ACLAnimCurveCompressionSettings.uasset" 183
"../../../Engine/Plugins/Animation/ACLPlugin/Content/ACLAnimCurveCompressionSettings.uexp" 184
"C:/Users/Brad/Jones Dropbox/Brad Jones/PC/Desktop/ProjectRoguelite/Content/ThirdPerson/Animations/HeavyAttack.uasset" 185
"C:/Users/Brad/Jones Dropbox/Brad Jones/PC/Desktop/ProjectRoguelite/Content/ThirdPerson/Animations/HeavyAttack.uexp" 186
"C:/Users/Brad/Jones Dropbox/Brad Jones/PC/Desktop/ProjectRoguelite/Content/ThirdPerson/Animations/HeavyAttack_Montage.uasset" 187
"C:/Users/Brad/Jones Dropbox/Brad Jones/PC/Desktop/ProjectRoguelite/Content/ThirdPerson/Animations/HeavyAttack_Montage.uexp" 188
"C:/Users/Brad/Jones Dropbox/Brad Jones/PC/Desktop/ProjectRoguelite/Content/ThirdPerson/Input/Actions/IA_LightCast.uasset" 189
"C:/Users/Brad/Jones Dropbox/Brad Jones/PC/Desktop/ProjectRoguelite/Content/ThirdPerson/Input/Actions/IA_LightCast.uexp" 190
"C:/Users/Brad/Jones Dropbox/Brad Jones/PC/Desktop/ProjectRoguelite/Content/ThirdPerson/Input/Actions/DevActions/IA_PCAttack.uasset" 191
"C:/Users/Brad/Jones Dropbox/Brad Jones/PC/Desktop/ProjectRoguelite/Content/ThirdPerson/Input/Actions/DevActions/IA_PCAttack.uexp" 192
"C:/Users/Brad/Jones Dropbox/Brad Jones/PC/Desktop/ProjectRoguelite/Content/ThirdPerson/Animations/HeavyCasting.uasset" 193
"C:/Users/Brad/Jones Dropbox/Brad Jones/PC/Desktop/ProjectRoguelite/Content/ThirdPerson/Animations/HeavyCasting.uexp" 194
"C:/Users/Brad/Jones Dropbox/Brad Jones/PC/Desktop/ProjectRoguelite/Content/ThirdPerson/Animations/HeavyCasting_Montage.uasset" 195
"C:/Users/Brad/Jones Dropbox/Brad Jones/PC/Desktop/ProjectRoguelite/Content/ThirdPerson/Animations/HeavyCasting_Montage.uexp" 196
"C:/Users/Brad/Jones Dropbox/Brad Jones/PC/Desktop/ProjectRoguelite/Content/ThirdPerson/Input/Actions/IA_Block.uasset" 197
"C:/Users/Brad/Jones Dropbox/Brad Jones/PC/Desktop/ProjectRoguelite/Content/ThirdPerson/Input/Actions/IA_Block.uexp" 198
"C:/Users/Brad/Jones Dropbox/Brad Jones/PC/Desktop/ProjectRoguelite/Content/Materials/LightSpells/M_BasicSpell.uasset" 199
"C:/Users/Brad/Jones Dropbox/Brad Jones/PC/Desktop/ProjectRoguelite/Content/Materials/LightSpells/M_BasicSpell.uexp" 200
"C:/Users/Brad/Jones Dropbox/Brad Jones/PC/Desktop/ProjectRoguelite/Content/Materials/LightSpells/M_LightningSpell.uasset" 201
"C:/Users/Brad/Jones Dropbox/Brad Jones/PC/Desktop/ProjectRoguelite/Content/Materials/LightSpells/M_LightningSpell.uexp" 202
"C:/Users/Brad/Jones Dropbox/Brad Jones/PC/Desktop/ProjectRoguelite/Content/Materials/LightSpells/M_EarthSpell.uasset" 203
"C:/Users/Brad/Jones Dropbox/Brad Jones/PC/Desktop/ProjectRoguelite/Content/Materials/LightSpells/M_EarthSpell.uexp" 204
"C:/Users/Brad/Jones Dropbox/Brad Jones/PC/Desktop/ProjectRoguelite/Content/Materials/LightSpells/M_DarkSpell.uasset" 205
"C:/Users/Brad/Jones Dropbox/Brad Jones/PC/Desktop/ProjectRoguelite/Content/Materials/LightSpells/M_DarkSpell.uexp" 206
"C:/Users/Brad/Jones Dropbox/Brad Jones/PC/Desktop/ProjectRoguelite/Content/Materials/LightSpells/M_FireSpell.uasset" 207
"C:/Users/Brad/Jones Dropbox/Brad Jones/PC/Desktop/ProjectRoguelite/Content/Materials/LightSpells/M_FireSpell.uexp" 208
"C:/Users/Brad/Jones Dropbox/Brad Jones/PC/Desktop/ProjectRoguelite/Content/Spellcasting/Structures/Enum_SpellElement.uasset" 209
"C:/Users/Brad/Jones Dropbox/Brad Jones/PC/Desktop/ProjectRoguelite/Content/Spellcasting/Structures/Enum_SpellElement.uexp" 210
"C:/Users/Brad/Jones Dropbox/Brad Jones/PC/Desktop/ProjectRoguelite/Content/Spellcasting/Structures/Struct_SpellElement.uasset" 211
"C:/Users/Brad/Jones Dropbox/Brad Jones/PC/Desktop/ProjectRoguelite/Content/Spellcasting/Structures/Struct_SpellElement.uexp" 212
"C:/Users/Brad/Jones Dropbox/Brad Jones/PC/Desktop/ProjectRoguelite/Content/Assets/Weapons/Material.uasset" 213
"C:/Users/Brad/Jones Dropbox/Brad Jones/PC/Desktop/ProjectRoguelite/Content/Assets/Weapons/Material.uexp" 214
"C:/Users/Brad/Jones Dropbox/Brad Jones/PC/Desktop/ProjectRoguelite/Content/Assets/Weapons/Sword.ubulk" 215
"C:/Users/Brad/Jones Dropbox/Brad Jones/PC/Desktop/ProjectRoguelite/Content/Assets/Weapons/Sword.uasset" 216
"C:/Users/Brad/Jones Dropbox/Brad Jones/PC/Desktop/ProjectRoguelite/Content/Assets/Weapons/Sword.uexp" 217
"C:/Users/Brad/Jones Dropbox/Brad Jones/PC/Desktop/ProjectRoguelite/Content/Blueprints/Weapons/BP_KnightSword.uasset" 218
"C:/Users/Brad/Jones Dropbox/Brad Jones/PC/Desktop/ProjectRoguelite/Content/Blueprints/Weapons/BP_KnightSword.uexp" 219
"C:/Users/Brad/Jones Dropbox/Brad Jones/PC/Desktop/ProjectRoguelite/Content/ThirdPerson/Animations/Unblock.uasset" 220
"C:/Users/Brad/Jones Dropbox/Brad Jones/PC/Desktop/ProjectRoguelite/Content/ThirdPerson/Animations/Unblock.uexp" 221
"C:/Users/Brad/Jones Dropbox/Brad Jones/PC/Desktop/ProjectRoguelite/Content/ThirdPerson/Animations/Unblock_Montage.uasset" 222
"C:/Users/Brad/Jones Dropbox/Brad Jones/PC/Desktop/ProjectRoguelite/Content/ThirdPerson/Animations/Unblock_Montage.uexp" 223
"C:/Users/Brad/Jones Dropbox/Brad Jones/PC/Desktop/ProjectRoguelite/Content/ThirdPerson/Animations/Block.uasset" 224
"C:/Users/Brad/Jones Dropbox/Brad Jones/PC/Desktop/ProjectRoguelite/Content/ThirdPerson/Animations/Block.uexp" 225
"C:/Users/Brad/Jones Dropbox/Brad Jones/PC/Desktop/ProjectRoguelite/Content/ThirdPerson/Animations/LooseBow.uasset" 226
"C:/Users/Brad/Jones Dropbox/Brad Jones/PC/Desktop/ProjectRoguelite/Content/ThirdPerson/Animations/LooseBow.uexp" 227
"C:/Users/Brad/Jones Dropbox/Brad Jones/PC/Desktop/ProjectRoguelite/Content/ThirdPerson/Animations/LooseBow_Montage.uasset" 228
"C:/Users/Brad/Jones Dropbox/Brad Jones/PC/Desktop/ProjectRoguelite/Content/ThirdPerson/Animations/LooseBow_Montage.uexp" 229
"C:/Users/Brad/Jones Dropbox/Brad Jones/PC/Desktop/ProjectRoguelite/Content/Assets/Weapons/Bow.ubulk" 230
"C:/Users/Brad/Jones Dropbox/Brad Jones/PC/Desktop/ProjectRoguelite/Content/Assets/Weapons/Bow.uasset" 231
"C:/Users/Brad/Jones Dropbox/Brad Jones/PC/Desktop/ProjectRoguelite/Content/Assets/Weapons/Bow.uexp" 232
"C:/Users/Brad/Jones Dropbox/Brad Jones/PC/Desktop/ProjectRoguelite/Content/Blueprints/Weapons/Bows/BP_Bow.uasset" 233
"C:/Users/Brad/Jones Dropbox/Brad Jones/PC/Desktop/ProjectRoguelite/Content/Blueprints/Weapons/Bows/BP_Bow.uexp" 234
"C:/Users/Brad/Jones Dropbox/Brad Jones/PC/Desktop/ProjectRoguelite/Content/ThirdPerson/Animations/Jump.uasset" 235
"C:/Users/Brad/Jones Dropbox/Brad Jones/PC/Desktop/ProjectRoguelite/Content/ThirdPerson/Animations/Jump.uexp" 236
"C:/Users/Brad/Jones Dropbox/Brad Jones/PC/Desktop/ProjectRoguelite/Content/ThirdPerson/Animations/Run.uasset" 237
"C:/Users/Brad/Jones Dropbox/Brad Jones/PC/Desktop/ProjectRoguelite/Content/ThirdPerson/Animations/Run.uexp" 238
"C:/Users/Brad/Jones Dropbox/Brad Jones/PC/Desktop/ProjectRoguelite/Content/ThirdPerson/Animations/Idle.uasset" 239
"C:/Users/Brad/Jones Dropbox/Brad Jones/PC/Desktop/ProjectRoguelite/Content/ThirdPerson/Animations/Idle.uexp" 240
"C:/Users/Brad/Jones Dropbox/Brad Jones/PC/Desktop/ProjectRoguelite/Content/ThirdPerson/Animations/ABP_Player.uasset" 241
"C:/Users/Brad/Jones Dropbox/Brad Jones/PC/Desktop/ProjectRoguelite/Content/ThirdPerson/Animations/ABP_Player.uexp" 242
"C:/Users/Brad/Jones Dropbox/Brad Jones/PC/Desktop/ProjectRoguelite/Content/Blueprints/Weapons/Bows/BP_ArcherBow.uasset" 243
"C:/Users/Brad/Jones Dropbox/Brad Jones/PC/Desktop/ProjectRoguelite/Content/Blueprints/Weapons/Bows/BP_ArcherBow.uexp" 244
"C:/Users/Brad/Jones Dropbox/Brad Jones/PC/Desktop/ProjectRoguelite/Content/ThirdPerson/Animations/DrawBow.uasset" 245
"C:/Users/Brad/Jones Dropbox/Brad Jones/PC/Desktop/ProjectRoguelite/Content/ThirdPerson/Animations/DrawBow.uexp" 246
"C:/Users/Brad/Jones Dropbox/Brad Jones/PC/Desktop/ProjectRoguelite/Content/Blueprints/Weapons/BP_PeasantSword.uasset" 247
"C:/Users/Brad/Jones Dropbox/Brad Jones/PC/Desktop/ProjectRoguelite/Content/Blueprints/Weapons/BP_PeasantSword.uexp" 248
"C:/Users/Brad/Jones Dropbox/Brad Jones/PC/Desktop/ProjectRoguelite/Content/ThirdPerson/Animations/Death.uasset" 249
"C:/Users/Brad/Jones Dropbox/Brad Jones/PC/Desktop/ProjectRoguelite/Content/ThirdPerson/Animations/Death.uexp" 250
"C:/Users/Brad/Jones Dropbox/Brad Jones/PC/Desktop/ProjectRoguelite/Content/Materials/Orbs/M_HealthOrb.uasset" 251
"C:/Users/Brad/Jones Dropbox/Brad Jones/PC/Desktop/ProjectRoguelite/Content/Materials/Orbs/M_HealthOrb.uexp" 252
"C:/Users/Brad/Jones Dropbox/Brad Jones/PC/Desktop/ProjectRoguelite/Content/Blueprints/Orbs/BP_HealthOrb.uasset" 253
"C:/Users/Brad/Jones Dropbox/Brad Jones/PC/Desktop/ProjectRoguelite/Content/Blueprints/Orbs/BP_HealthOrb.uexp" 254
"C:/Users/Brad/Jones Dropbox/Brad Jones/PC/Desktop/ProjectRoguelite/Content/Enemies/AI/BB_EnemyBase.uasset" 255
"C:/Users/Brad/Jones Dropbox/Brad Jones/PC/Desktop/ProjectRoguelite/Content/Enemies/AI/BB_EnemyBase.uexp" 256
"C:/Users/Brad/Jones Dropbox/Brad Jones/PC/Desktop/ProjectRoguelite/Content/Enemies/AI/Tasks/LightAttack.uasset" 257
"C:/Users/Brad/Jones Dropbox/Brad Jones/PC/Desktop/ProjectRoguelite/Content/Enemies/AI/Tasks/LightAttack.uexp" 258
"C:/Users/Brad/Jones Dropbox/Brad Jones/PC/Desktop/ProjectRoguelite/Content/Enemies/AI/BT_EnemyBase.uasset" 259
"C:/Users/Brad/Jones Dropbox/Brad Jones/PC/Desktop/ProjectRoguelite/Content/Enemies/AI/BT_EnemyBase.uexp" 260
"C:/Users/Brad/Jones Dropbox/Brad Jones/PC/Desktop/ProjectRoguelite/Content/Enemies/AI/AIC_EnemyBase.uasset" 261
"C:/Users/Brad/Jones Dropbox/Brad Jones/PC/Desktop/ProjectRoguelite/Content/Enemies/AI/AIC_EnemyBase.uexp" 262
"C:/Users/Brad/Jones Dropbox/Brad Jones/PC/Desktop/ProjectRoguelite/Content/ThirdPerson/Character/Ch36_1001_Specular.ubulk" 263
"C:/Users/Brad/Jones Dropbox/Brad Jones/PC/Desktop/ProjectRoguelite/Content/ThirdPerson/Character/Ch36_1001_Specular.uasset" 264
"C:/Users/Brad/Jones Dropbox/Brad Jones/PC/Desktop/ProjectRoguelite/Content/ThirdPerson/Character/Ch36_1001_Specular.uexp" 265
"C:/Users/Brad/Jones Dropbox/Brad Jones/PC/Desktop/ProjectRoguelite/Content/ThirdPerson/Character/Ch36_1001_Normal.ubulk" 266
"C:/Users/Brad/Jones Dropbox/Brad Jones/PC/Desktop/ProjectRoguelite/Content/ThirdPerson/Character/Ch36_1001_Normal.uasset" 267
"C:/Users/Brad/Jones Dropbox/Brad Jones/PC/Desktop/ProjectRoguelite/Content/ThirdPerson/Character/Ch36_1001_Normal.uexp" 268
"C:/Users/Brad/Jones Dropbox/Brad Jones/PC/Desktop/ProjectRoguelite/Content/ThirdPerson/Character/Ch36_1001_Glossiness.ubulk" 269
"C:/Users/Brad/Jones Dropbox/Brad Jones/PC/Desktop/ProjectRoguelite/Content/ThirdPerson/Character/Ch36_1001_Glossiness.uasset" 270
"C:/Users/Brad/Jones Dropbox/Brad Jones/PC/Desktop/ProjectRoguelite/Content/ThirdPerson/Character/Ch36_1001_Glossiness.uexp" 271
"C:/Users/Brad/Jones Dropbox/Brad Jones/PC/Desktop/ProjectRoguelite/Content/ThirdPerson/Character/Ch36_1001_Diffuse.ubulk" 272
"C:/Users/Brad/Jones Dropbox/Brad Jones/PC/Desktop/ProjectRoguelite/Content/ThirdPerson/Character/Ch36_1001_Diffuse.uasset" 273
"C:/Users/Brad/Jones Dropbox/Brad Jones/PC/Desktop/ProjectRoguelite/Content/ThirdPerson/Character/Ch36_1001_Diffuse.uexp" 274
"C:/Users/Brad/Jones Dropbox/Brad Jones/PC/Desktop/ProjectRoguelite/Content/ThirdPerson/Character/M_MannequinBody.uasset" 275
"C:/Users/Brad/Jones Dropbox/Brad Jones/PC/Desktop/ProjectRoguelite/Content/ThirdPerson/Character/M_MannequinBody.uexp" 276
"C:/Users/Brad/Jones Dropbox/Brad Jones/PC/Desktop/ProjectRoguelite/Content/ThirdPerson/Character/PA_Player.uasset" 277
"C:/Users/Brad/Jones Dropbox/Brad Jones/PC/Desktop/ProjectRoguelite/Content/ThirdPerson/Character/PA_Player.uexp" 278
"C:/Users/Brad/Jones Dropbox/Brad Jones/PC/Desktop/ProjectRoguelite/Content/ThirdPerson/Character/SKM_Player.uasset" 279
"C:/Users/Brad/Jones Dropbox/Brad Jones/PC/Desktop/ProjectRoguelite/Content/ThirdPerson/Character/SKM_Player.uexp" 280
"C:/Users/Brad/Jones Dropbox/Brad Jones/PC/Desktop/ProjectRoguelite/Content/Assets/Weapons/Shield.ubulk" 281
"C:/Users/Brad/Jones Dropbox/Brad Jones/PC/Desktop/ProjectRoguelite/Content/Assets/Weapons/Shield.uasset" 282
"C:/Users/Brad/Jones Dropbox/Brad Jones/PC/Desktop/ProjectRoguelite/Content/Assets/Weapons/Shield.uexp" 283
"C:/Users/Brad/Jones Dropbox/Brad Jones/PC/Desktop/ProjectRoguelite/Content/Blueprints/Weapons/Shields/BP_KnightShield.uasset" 284
"C:/Users/Brad/Jones Dropbox/Brad Jones/PC/Desktop/ProjectRoguelite/Content/Blueprints/Weapons/Shields/BP_KnightShield.uexp" 285
"C:/Users/Brad/Jones Dropbox/Brad Jones/PC/Desktop/ProjectRoguelite/Content/Blueprints/Weapons/Shields/BP_Shield.uasset" 286
"C:/Users/Brad/Jones Dropbox/Brad Jones/PC/Desktop/ProjectRoguelite/Content/Blueprints/Weapons/Shields/BP_Shield.uexp" 287
"C:/Users/Brad/Jones Dropbox/Brad Jones/PC/Desktop/ProjectRoguelite/Content/Blueprints/Weapons/BP_Sword.uasset" 288
"C:/Users/Brad/Jones Dropbox/Brad Jones/PC/Desktop/ProjectRoguelite/Content/Blueprints/Weapons/BP_Sword.uexp" 289
"C:/Users/Brad/Jones Dropbox/Brad Jones/PC/Desktop/ProjectRoguelite/Content/ThirdPerson/Animations/LightAttack.uasset" 290
"C:/Users/Brad/Jones Dropbox/Brad Jones/PC/Desktop/ProjectRoguelite/Content/ThirdPerson/Animations/LightAttack.uexp" 291
"C:/Users/Brad/Jones Dropbox/Brad Jones/PC/Desktop/ProjectRoguelite/Content/ThirdPerson/Animations/LightAttack_Montage.uasset" 292
"C:/Users/Brad/Jones Dropbox/Brad Jones/PC/Desktop/ProjectRoguelite/Content/ThirdPerson/Animations/LightAttack_Montage.uexp" 293
"C:/Users/Brad/Jones Dropbox/Brad Jones/PC/Desktop/ProjectRoguelite/Content/ThirdPerson/Animations/Stagger.uasset" 294
"C:/Users/Brad/Jones Dropbox/Brad Jones/PC/Desktop/ProjectRoguelite/Content/ThirdPerson/Animations/Stagger.uexp" 295
"C:/Users/Brad/Jones Dropbox/Brad Jones/PC/Desktop/ProjectRoguelite/Content/ThirdPerson/Animations/Stagger_Montage.uasset" 296
"C:/Users/Brad/Jones Dropbox/Brad Jones/PC/Desktop/ProjectRoguelite/Content/ThirdPerson/Animations/Stagger_Montage.uexp" 297
"C:/Users/Brad/Jones Dropbox/Brad Jones/PC/Desktop/ProjectRoguelite/Content/Enemies/AI_EnemyBase.uasset" 298
"C:/Users/Brad/Jones Dropbox/Brad Jones/PC/Desktop/ProjectRoguelite/Content/Enemies/AI_EnemyBase.uexp" 299
"C:/Users/Brad/Jones Dropbox/Brad Jones/PC/Desktop/ProjectRoguelite/Content/Materials/LightSpells/M_IceSpell.uasset" 300
"C:/Users/Brad/Jones Dropbox/Brad Jones/PC/Desktop/ProjectRoguelite/Content/Materials/LightSpells/M_IceSpell.uexp" 301
"C:/Users/Brad/Jones Dropbox/Brad Jones/PC/Desktop/ProjectRoguelite/Content/Materials/LightSpells/M_LightSpell.uasset" 302
"C:/Users/Brad/Jones Dropbox/Brad Jones/PC/Desktop/ProjectRoguelite/Content/Materials/LightSpells/M_LightSpell.uexp" 303
"C:/Users/Brad/Jones Dropbox/Brad Jones/PC/Desktop/ProjectRoguelite/Content/Spellcasting/BP_LightSpell.uasset" 304
"C:/Users/Brad/Jones Dropbox/Brad Jones/PC/Desktop/ProjectRoguelite/Content/Spellcasting/BP_LightSpell.uexp" 305
"../../../Engine/Plugins/Runtime/AudioWidgets/Content/AudioFader/AudioFader_Normal.uasset" 306
"../../../Engine/Plugins/Runtime/AudioWidgets/Content/AudioFader/AudioFader_Normal.uexp" 307
"C:/Users/Brad/Jones Dropbox/Brad Jones/PC/Desktop/ProjectRoguelite/Content/UserInterface/UI_HUD.uasset" 308
"C:/Users/Brad/Jones Dropbox/Brad Jones/PC/Desktop/ProjectRoguelite/Content/UserInterface/UI_HUD.uexp" 309
"C:/Users/Brad/Jones Dropbox/Brad Jones/PC/Desktop/ProjectRoguelite/Content/ThirdPerson/Input/Actions/IA_HeavyCast.uasset" 310
"C:/Users/Brad/Jones Dropbox/Brad Jones/PC/Desktop/ProjectRoguelite/Content/ThirdPerson/Input/Actions/IA_HeavyCast.uexp" 311
"C:/Users/Brad/Jones Dropbox/Brad Jones/PC/Desktop/ProjectRoguelite/Content/ThirdPerson/Input/Actions/IA_HeavyAttack.uasset" 312
"C:/Users/Brad/Jones Dropbox/Brad Jones/PC/Desktop/ProjectRoguelite/Content/ThirdPerson/Input/Actions/IA_HeavyAttack.uexp" 313
"../../../Engine/Content/EngineFonts/Faces/DroidSansMono.uexp" 314
"../../../Engine/Content/EngineFonts/Faces/DroidSansMono.uasset" 315
"../../../Engine/Content/EngineFonts/Faces/DroidSansMono.ufont" 316
"../../../Engine/Content/EngineFonts/Faces/DroidSansFallback.uexp" 317
"../../../Engine/Content/EngineFonts/Faces/DroidSansFallback.uasset" 318
"../../../Engine/Content/EngineFonts/Faces/DroidSansFallback.ufont" 319
"../../../Engine/Content/EngineFonts/DroidSansMono.uasset" 320
"../../../Engine/Content/EngineFonts/DroidSansMono.uexp" 321
"C:/Users/Brad/Jones Dropbox/Brad Jones/PC/Desktop/ProjectRoguelite/Content/UserInterface/UI_Components/Leveling/UI_WeaponsComponent.uasset" 322
"C:/Users/Brad/Jones Dropbox/Brad Jones/PC/Desktop/ProjectRoguelite/Content/UserInterface/UI_Components/Leveling/UI_WeaponsComponent.uexp" 323
"C:/Users/Brad/Jones Dropbox/Brad Jones/PC/Desktop/ProjectRoguelite/Content/ThirdPerson/Input/Actions/IA_GameMenu.uasset" 324
"C:/Users/Brad/Jones Dropbox/Brad Jones/PC/Desktop/ProjectRoguelite/Content/ThirdPerson/Input/Actions/IA_GameMenu.uexp" 325
"C:/Users/Brad/Jones Dropbox/Brad Jones/PC/Desktop/ProjectRoguelite/Content/ThirdPerson/RenderTarget/RenderTarget.uasset" 326
"C:/Users/Brad/Jones Dropbox/Brad Jones/PC/Desktop/ProjectRoguelite/Content/ThirdPerson/RenderTarget/RenderTarget.uexp" 327
"C:/Users/Brad/Jones Dropbox/Brad Jones/PC/Desktop/ProjectRoguelite/Content/ThirdPerson/RenderTarget/M_RenderTarget.uasset" 328
"C:/Users/Brad/Jones Dropbox/Brad Jones/PC/Desktop/ProjectRoguelite/Content/ThirdPerson/RenderTarget/M_RenderTarget.uexp" 329
"C:/Users/Brad/Jones Dropbox/Brad Jones/PC/Desktop/ProjectRoguelite/Content/UserInterface/UI_Components/Leveling/UI_SkillsComponent.uasset" 330
"C:/Users/Brad/Jones Dropbox/Brad Jones/PC/Desktop/ProjectRoguelite/Content/UserInterface/UI_Components/Leveling/UI_SkillsComponent.uexp" 331
"C:/Users/Brad/Jones Dropbox/Brad Jones/PC/Desktop/ProjectRoguelite/Content/UserInterface/UI_Components/Leveling/UI_ArmourComponent.uasset" 332
"C:/Users/Brad/Jones Dropbox/Brad Jones/PC/Desktop/ProjectRoguelite/Content/UserInterface/UI_Components/Leveling/UI_ArmourComponent.uexp" 333
"C:/Users/Brad/Jones Dropbox/Brad Jones/PC/Desktop/ProjectRoguelite/Content/UserInterface/UI_Leveling.uasset" 334
"C:/Users/Brad/Jones Dropbox/Brad Jones/PC/Desktop/ProjectRoguelite/Content/UserInterface/UI_Leveling.uexp" 335
"C:/Users/Brad/Jones Dropbox/Brad Jones/PC/Desktop/ProjectRoguelite/Content/ThirdPerson/Animations/Block_Montage.uasset" 336
"C:/Users/Brad/Jones Dropbox/Brad Jones/PC/Desktop/ProjectRoguelite/Content/ThirdPerson/Animations/Block_Montage.uexp" 337
"C:/Users/Brad/Jones Dropbox/Brad Jones/PC/Desktop/ProjectRoguelite/Content/ThirdPerson/Input/Actions/IA_LockTarget.uasset" 338
"C:/Users/Brad/Jones Dropbox/Brad Jones/PC/Desktop/ProjectRoguelite/Content/ThirdPerson/Input/Actions/IA_LockTarget.uexp" 339
"C:/Users/Brad/Jones Dropbox/Brad Jones/PC/Desktop/ProjectRoguelite/Content/Spellcasting/HeavySpells/BP_BasicBlast.uasset" 340
"C:/Users/Brad/Jones Dropbox/Brad Jones/PC/Desktop/ProjectRoguelite/Content/Spellcasting/HeavySpells/BP_BasicBlast.uexp" 341
"C:/Users/Brad/Jones Dropbox/Brad Jones/PC/Desktop/ProjectRoguelite/Content/Materials/HeavySpells/M_Freeze.uasset" 342
"C:/Users/Brad/Jones Dropbox/Brad Jones/PC/Desktop/ProjectRoguelite/Content/Materials/HeavySpells/M_Freeze.uexp" 343
"C:/Users/Brad/Jones Dropbox/Brad Jones/PC/Desktop/ProjectRoguelite/Content/Spellcasting/HeavySpells/BP_Freeze.uasset" 344
"C:/Users/Brad/Jones Dropbox/Brad Jones/PC/Desktop/ProjectRoguelite/Content/Spellcasting/HeavySpells/BP_Freeze.uexp" 345
"../../../Engine/Content/Tutorial/SubEditors/TutorialAssets/T_SmokeSubUV_8X8.ubulk" 346
"../../../Engine/Content/Tutorial/SubEditors/TutorialAssets/T_SmokeSubUV_8X8.uasset" 347
"../../../Engine/Content/Tutorial/SubEditors/TutorialAssets/T_SmokeSubUV_8X8.uexp" 348
"../../../Engine/Content/Tutorial/SubEditors/TutorialAssets/T_soft_smoke.ubulk" 349
"../../../Engine/Content/Tutorial/SubEditors/TutorialAssets/T_soft_smoke.uasset" 350
"../../../Engine/Content/Tutorial/SubEditors/TutorialAssets/T_soft_smoke.uexp" 351
"../../../Engine/Content/Tutorial/SubEditors/TutorialAssets/M_smoke_subUV_blackbody.uasset" 352
"../../../Engine/Content/Tutorial/SubEditors/TutorialAssets/M_smoke_subUV_blackbody.uexp" 353
"../../../Engine/Content/Tutorial/SubEditors/TutorialAssets/TutorialParticleSystem.uasset" 354
"../../../Engine/Content/Tutorial/SubEditors/TutorialAssets/TutorialParticleSystem.uexp" 355
"C:/Users/Brad/Jones Dropbox/Brad Jones/PC/Desktop/ProjectRoguelite/Content/Materials/HeavySpells/M_HeavySpell.uasset" 356
"C:/Users/Brad/Jones Dropbox/Brad Jones/PC/Desktop/ProjectRoguelite/Content/Materials/HeavySpells/M_HeavySpell.uexp" 357
"C:/Users/Brad/Jones Dropbox/Brad Jones/PC/Desktop/ProjectRoguelite/Content/Spellcasting/HeavySpells/BP_Meteor.uasset" 358
"C:/Users/Brad/Jones Dropbox/Brad Jones/PC/Desktop/ProjectRoguelite/Content/Spellcasting/HeavySpells/BP_Meteor.uexp" 359
"C:/Users/Brad/Jones Dropbox/Brad Jones/PC/Desktop/ProjectRoguelite/Content/Spellcasting/HeavySpells/BP_HeavySpellManager.uasset" 360
"C:/Users/Brad/Jones Dropbox/Brad Jones/PC/Desktop/ProjectRoguelite/Content/Spellcasting/HeavySpells/BP_HeavySpellManager.uexp" 361
"C:/Users/Brad/Jones Dropbox/Brad Jones/PC/Desktop/ProjectRoguelite/Content/ThirdPerson/Animations/PowerUp.uasset" 362
"C:/Users/Brad/Jones Dropbox/Brad Jones/PC/Desktop/ProjectRoguelite/Content/ThirdPerson/Animations/PowerUp.uexp" 363
"C:/Users/Brad/Jones Dropbox/Brad Jones/PC/Desktop/ProjectRoguelite/Content/ThirdPerson/Animations/PowerUp_Montage.uasset" 364
"C:/Users/Brad/Jones Dropbox/Brad Jones/PC/Desktop/ProjectRoguelite/Content/ThirdPerson/Animations/PowerUp_Montage.uexp" 365
"C:/Users/Brad/Jones Dropbox/Brad Jones/PC/Desktop/ProjectRoguelite/Content/ThirdPerson/Input/Actions/DevActions/IA_LevelUp.uasset" 366
"C:/Users/Brad/Jones Dropbox/Brad Jones/PC/Desktop/ProjectRoguelite/Content/ThirdPerson/Input/Actions/DevActions/IA_LevelUp.uexp" 367
"C:/Users/Brad/Jones Dropbox/Brad Jones/PC/Desktop/ProjectRoguelite/Content/ThirdPerson/Input/Actions/IA_Jump.uasset" 368
"C:/Users/Brad/Jones Dropbox/Brad Jones/PC/Desktop/ProjectRoguelite/Content/ThirdPerson/Input/Actions/IA_Jump.uexp" 369
"C:/Users/Brad/Jones Dropbox/Brad Jones/PC/Desktop/ProjectRoguelite/Content/ThirdPerson/Input/Actions/IA_SpellWheelDown.uasset" 370
"C:/Users/Brad/Jones Dropbox/Brad Jones/PC/Desktop/ProjectRoguelite/Content/ThirdPerson/Input/Actions/IA_SpellWheelDown.uexp" 371
"C:/Users/Brad/Jones Dropbox/Brad Jones/PC/Desktop/ProjectRoguelite/Content/ThirdPerson/Input/Actions/IA_Look.uasset" 372
"C:/Users/Brad/Jones Dropbox/Brad Jones/PC/Desktop/ProjectRoguelite/Content/ThirdPerson/Input/Actions/IA_Look.uexp" 373
"C:/Users/Brad/Jones Dropbox/Brad Jones/PC/Desktop/ProjectRoguelite/Content/ThirdPerson/Input/Actions/IA_Move.uasset" 374
"C:/Users/Brad/Jones Dropbox/Brad Jones/PC/Desktop/ProjectRoguelite/Content/ThirdPerson/Input/Actions/IA_Move.uexp" 375
"C:/Users/Brad/Jones Dropbox/Brad Jones/PC/Desktop/ProjectRoguelite/Content/ThirdPerson/Input/Actions/IA_RageMode.uasset" 376
"C:/Users/Brad/Jones Dropbox/Brad Jones/PC/Desktop/ProjectRoguelite/Content/ThirdPerson/Input/Actions/IA_RageMode.uexp" 377
"C:/Users/Brad/Jones Dropbox/Brad Jones/PC/Desktop/ProjectRoguelite/Content/ThirdPerson/Input/Actions/IA_LightAttack.uasset" 378
"C:/Users/Brad/Jones Dropbox/Brad Jones/PC/Desktop/ProjectRoguelite/Content/ThirdPerson/Input/Actions/IA_LightAttack.uexp" 379
"C:/Users/Brad/Jones Dropbox/Brad Jones/PC/Desktop/ProjectRoguelite/Content/ThirdPerson/Input/Actions/IA_DPadLeft.uasset" 380
"C:/Users/Brad/Jones Dropbox/Brad Jones/PC/Desktop/ProjectRoguelite/Content/ThirdPerson/Input/Actions/IA_DPadLeft.uexp" 381
"C:/Users/Brad/Jones Dropbox/Brad Jones/PC/Desktop/ProjectRoguelite/Content/ThirdPerson/Input/Actions/IA_Options.uasset" 382
"C:/Users/Brad/Jones Dropbox/Brad Jones/PC/Desktop/ProjectRoguelite/Content/ThirdPerson/Input/Actions/IA_Options.uexp" 383
"C:/Users/Brad/Jones Dropbox/Brad Jones/PC/Desktop/ProjectRoguelite/Content/ThirdPerson/Input/Actions/IA_SpellWheelUp.uasset" 384
"C:/Users/Brad/Jones Dropbox/Brad Jones/PC/Desktop/ProjectRoguelite/Content/ThirdPerson/Input/Actions/IA_SpellWheelUp.uexp" 385
"C:/Users/Brad/Jones Dropbox/Brad Jones/PC/Desktop/ProjectRoguelite/Content/ThirdPerson/Input/Actions/IA_Back.uasset" 386
"C:/Users/Brad/Jones Dropbox/Brad Jones/PC/Desktop/ProjectRoguelite/Content/ThirdPerson/Input/Actions/IA_Back.uexp" 387
"C:/Users/Brad/Jones Dropbox/Brad Jones/PC/Desktop/ProjectRoguelite/Content/ThirdPerson/Input/IMC_Default.uasset" 388
"C:/Users/Brad/Jones Dropbox/Brad Jones/PC/Desktop/ProjectRoguelite/Content/ThirdPerson/Input/IMC_Default.uexp" 389
"C:/Users/Brad/Jones Dropbox/Brad Jones/PC/Desktop/ProjectRoguelite/Content/ThirdPerson/Animations/LightCasting.uasset" 390
"C:/Users/Brad/Jones Dropbox/Brad Jones/PC/Desktop/ProjectRoguelite/Content/ThirdPerson/Animations/LightCasting.uexp" 391
"C:/Users/Brad/Jones Dropbox/Brad Jones/PC/Desktop/ProjectRoguelite/Content/ThirdPerson/Animations/LightCasting_Montage.uasset" 392
"C:/Users/Brad/Jones Dropbox/Brad Jones/PC/Desktop/ProjectRoguelite/Content/ThirdPerson/Animations/LightCasting_Montage.uexp" 393
"C:/Users/Brad/Jones Dropbox/Brad Jones/PC/Desktop/ProjectRoguelite/Content/UserInterface/UI_MainMenu.uasset" 394
"C:/Users/Brad/Jones Dropbox/Brad Jones/PC/Desktop/ProjectRoguelite/Content/UserInterface/UI_MainMenu.uexp" 395
"C:/Users/Brad/Jones Dropbox/Brad Jones/PC/Desktop/ProjectRoguelite/Content/UserInterface/UI_Options.uasset" 396
"C:/Users/Brad/Jones Dropbox/Brad Jones/PC/Desktop/ProjectRoguelite/Content/UserInterface/UI_Options.uexp" 397
"C:/Users/Brad/Jones Dropbox/Brad Jones/PC/Desktop/ProjectRoguelite/Content/ThirdPerson/ForceFeedback/FFE_Short.uasset" 398
"C:/Users/Brad/Jones Dropbox/Brad Jones/PC/Desktop/ProjectRoguelite/Content/ThirdPerson/ForceFeedback/FFE_Short.uexp" 399
"C:/Users/Brad/Jones Dropbox/Brad Jones/PC/Desktop/ProjectRoguelite/Content/ThirdPerson/Blueprints/BP_ThirdPersonCharacter.uasset" 400
"C:/Users/Brad/Jones Dropbox/Brad Jones/PC/Desktop/ProjectRoguelite/Content/ThirdPerson/Blueprints/BP_ThirdPersonCharacter.uexp" 401
"C:/Users/Brad/Jones Dropbox/Brad Jones/PC/Desktop/ProjectRoguelite/Content/Materials/Orbs/M_ManaOrb.uasset" 402
"C:/Users/Brad/Jones Dropbox/Brad Jones/PC/Desktop/ProjectRoguelite/Content/Materials/Orbs/M_ManaOrb.uexp" 403
"C:/Users/Brad/Jones Dropbox/Brad Jones/PC/Desktop/ProjectRoguelite/Content/Blueprints/Orbs/BP_ManaOrb.uasset" 404
"C:/Users/Brad/Jones Dropbox/Brad Jones/PC/Desktop/ProjectRoguelite/Content/Blueprints/Orbs/BP_ManaOrb.uexp" 405
"C:/Users/Brad/Jones Dropbox/Brad Jones/PC/Desktop/ProjectRoguelite/Content/Materials/Orbs/M_LVLOrb.uasset" 406
"C:/Users/Brad/Jones Dropbox/Brad Jones/PC/Desktop/ProjectRoguelite/Content/Materials/Orbs/M_LVLOrb.uexp" 407
"C:/Users/Brad/Jones Dropbox/Brad Jones/PC/Desktop/ProjectRoguelite/Content/Blueprints/Orbs/BP_LevelUpOrb.uasset" 408
"C:/Users/Brad/Jones Dropbox/Brad Jones/PC/Desktop/ProjectRoguelite/Content/Blueprints/Orbs/BP_LevelUpOrb.uexp" 409
"../../../Engine/Plugins/Runtime/MeshModelingToolset/Content/Materials/M_DynamicMeshComponentVtxColor.uasset" 410
"../../../Engine/Plugins/Runtime/MeshModelingToolset/Content/Materials/M_DynamicMeshComponentVtxColor.uexp" 411
"../../../Engine/Plugins/Interchange/Runtime/Content/Pipelines/DefaultTexturePipeline.uasset" 412
"../../../Engine/Plugins/Interchange/Runtime/Content/Pipelines/DefaultTexturePipeline.uexp" 413
"../../../Engine/Plugins/Interchange/Runtime/Content/Pipelines/DefaultSceneLevelPipeline.uasset" 414
"../../../Engine/Plugins/Interchange/Runtime/Content/Pipelines/DefaultSceneLevelPipeline.uexp" 415
"../../../Engine/Plugins/Interchange/Runtime/Content/Pipelines/DefaultSceneAssetsPipeline.uasset" 416
"../../../Engine/Plugins/Interchange/Runtime/Content/Pipelines/DefaultSceneAssetsPipeline.uexp" 417
"../../../Engine/Plugins/Interchange/Runtime/Content/Pipelines/DefaultMaterialXPipeline.uasset" 418
"../../../Engine/Plugins/Interchange/Runtime/Content/Pipelines/DefaultMaterialXPipeline.uexp" 419
"../../../Engine/Plugins/Interchange/Runtime/Content/Pipelines/DefaultMaterialPipeline.uasset" 420
"../../../Engine/Plugins/Interchange/Runtime/Content/Pipelines/DefaultMaterialPipeline.uexp" 421
"../../../Engine/Plugins/Interchange/Runtime/Content/Pipelines/DefaultGLTFSceneAssetsPipeline.uasset" 422
"../../../Engine/Plugins/Interchange/Runtime/Content/Pipelines/DefaultGLTFSceneAssetsPipeline.uexp" 423
"../../../Engine/Plugins/Interchange/Runtime/Content/Pipelines/DefaultGLTFPipeline.uasset" 424
"../../../Engine/Plugins/Interchange/Runtime/Content/Pipelines/DefaultGLTFPipeline.uexp" 425
"../../../Engine/Plugins/Interchange/Runtime/Content/Pipelines/DefaultGLTFAssetsPipeline.uasset" 426
"../../../Engine/Plugins/Interchange/Runtime/Content/Pipelines/DefaultGLTFAssetsPipeline.uexp" 427
"../../../Engine/Plugins/Interchange/Runtime/Content/Pipelines/DefaultAssetsPipeline.uasset" 428
"../../../Engine/Plugins/Interchange/Runtime/Content/Pipelines/DefaultAssetsPipeline.uexp" 429
"../../../Engine/Plugins/Interchange/Runtime/Content/Functions/MX_UsdPreviewSurface.uasset" 430
"../../../Engine/Plugins/Interchange/Runtime/Content/Functions/MX_UsdPreviewSurface.uexp" 431
"../../../Engine/Plugins/Interchange/Runtime/Content/Functions/MX_UniformEDF.uasset" 432
"../../../Engine/Plugins/Interchange/Runtime/Content/Functions/MX_UniformEDF.uexp" 433
"../../../Engine/Plugins/Interchange/Runtime/Content/Functions/MX_TranslucentBSDF.uasset" 434
"../../../Engine/Plugins/Interchange/Runtime/Content/Functions/MX_TranslucentBSDF.uexp" 435
"../../../Engine/Plugins/Interchange/Runtime/Content/Functions/MX_ThinFilmBSDF.uasset" 436
"../../../Engine/Plugins/Interchange/Runtime/Content/Functions/MX_ThinFilmBSDF.uexp" 437
"../../../Engine/Plugins/Interchange/Runtime/Content/Functions/MX_SurfaceUnlit.uasset" 438
"../../../Engine/Plugins/Interchange/Runtime/Content/Functions/MX_SurfaceUnlit.uexp" 439
"../../../Engine/Plugins/Interchange/Runtime/Content/Functions/MX_Surface.uasset" 440
"../../../Engine/Plugins/Interchange/Runtime/Content/Functions/MX_Surface.uexp" 441
"../../../Engine/Plugins/Interchange/Runtime/Content/Functions/MX_SubsurfaceBSDF.uasset" 442
"../../../Engine/Plugins/Interchange/Runtime/Content/Functions/MX_SubsurfaceBSDF.uexp" 443
"../../../Engine/Plugins/Interchange/Runtime/Content/Functions/MX_SheenBSDF.uasset" 444
"../../../Engine/Plugins/Interchange/Runtime/Content/Functions/MX_SheenBSDF.uexp" 445
"../../../Engine/Plugins/Interchange/Runtime/Content/Functions/MX_OrenNayarBSDF.uasset" 446
"../../../Engine/Plugins/Interchange/Runtime/Content/Functions/MX_OrenNayarBSDF.uexp" 447
"../../../Engine/Content/Functions/Engine_MaterialFunctions02/Utility/CameraDirectionVector.uasset" 448
"../../../Engine/Content/Functions/Engine_MaterialFunctions02/Utility/CameraDirectionVector.uexp" 449
"../../../Engine/Content/Functions/Engine_MaterialFunctions01/Volumetrics/BeersLaw.uasset" 450
"../../../Engine/Content/Functions/Engine_MaterialFunctions01/Volumetrics/BeersLaw.uexp" 451
"../../../Engine/Content/EngineMaterials/Good64x64TilingNoiseHighFreq.uasset" 452
"../../../Engine/Content/EngineMaterials/Good64x64TilingNoiseHighFreq.uexp" 453
"../../../Engine/Content/Functions/Engine_MaterialFunctions02/Texturing/ScreenAlignedPixelToPixelUVs.uasset" 454
"../../../Engine/Content/Functions/Engine_MaterialFunctions02/Texturing/ScreenAlignedPixelToPixelUVs.uexp" 455
"../../../Engine/Plugins/Interchange/Runtime/Content/gltf/MaterialFunctions/MF_Temporal_Blur.uasset" 456
"../../../Engine/Plugins/Interchange/Runtime/Content/gltf/MaterialFunctions/MF_Temporal_Blur.uexp" 457
"../../../Engine/Plugins/Interchange/Runtime/Content/gltf/MaterialFunctions/MF_Fresnel_DS.uasset" 458
"../../../Engine/Plugins/Interchange/Runtime/Content/gltf/MaterialFunctions/MF_Fresnel_DS.uexp" 459
"../../../Engine/Content/Functions/Engine_MaterialFunctions02/Utility/BreakOutFloat3Components.uasset" 460
"../../../Engine/Content/Functions/Engine_MaterialFunctions02/Utility/BreakOutFloat3Components.uexp" 461
"../../../Engine/Plugins/Interchange/Runtime/Content/Functions/MX_Transmission.uasset" 462
"../../../Engine/Plugins/Interchange/Runtime/Content/Functions/MX_Transmission.uexp" 463
"../../../Engine/Plugins/Interchange/Runtime/Content/Functions/MF_OrenNayerView.uasset" 464
"../../../Engine/Plugins/Interchange/Runtime/Content/Functions/MF_OrenNayerView.uexp" 465
"../../../Engine/Plugins/Interchange/Runtime/Content/Functions/MF_SchlickApprox.uasset" 466
"../../../Engine/Plugins/Interchange/Runtime/Content/Functions/MF_SchlickApprox.uexp" 467
"../../../Engine/Plugins/Interchange/Runtime/Content/Utilities/New_LUT.uasset" 468
"../../../Engine/Plugins/Interchange/Runtime/Content/Utilities/New_LUT.uexp" 469
"../../../Engine/Content/Functions/Engine_MaterialFunctions03/Math/RemapValueRange.uasset" 470
"../../../Engine/Content/Functions/Engine_MaterialFunctions03/Math/RemapValueRange.uexp" 471
"../../../Engine/Plugins/Interchange/Runtime/Content/Functions/MF_Iridescence.uasset" 472
"../../../Engine/Plugins/Interchange/Runtime/Content/Functions/MF_Iridescence.uexp" 473
"../../../Engine/Plugins/Interchange/Runtime/Content/Functions/MX_StandardSurface.uasset" 474
"../../../Engine/Plugins/Interchange/Runtime/Content/Functions/MX_StandardSurface.uexp" 475
"../../../Engine/Plugins/Interchange/Runtime/Content/Functions/MX_TransmissionSurface.uasset" 476
"../../../Engine/Plugins/Interchange/Runtime/Content/Functions/MX_TransmissionSurface.uexp" 477
"../../../Engine/Plugins/Interchange/Runtime/Content/Functions/MX_OpenPBR_Translucent.uasset" 478
"../../../Engine/Plugins/Interchange/Runtime/Content/Functions/MX_OpenPBR_Translucent.uexp" 479
"../../../Engine/Plugins/Interchange/Runtime/Content/Functions/MX_OpenPBR_Opaque.uasset" 480
"../../../Engine/Plugins/Interchange/Runtime/Content/Functions/MX_OpenPBR_Opaque.uexp" 481
"../../../Engine/Plugins/Interchange/Runtime/Content/Functions/MX_MeasuredEDF.uasset" 482
"../../../Engine/Plugins/Interchange/Runtime/Content/Functions/MX_MeasuredEDF.uexp" 483
"../../../Engine/Plugins/Interchange/Runtime/Content/Functions/MX_GeneralizedSchlickBSDF.uasset" 484
"../../../Engine/Plugins/Interchange/Runtime/Content/Functions/MX_GeneralizedSchlickBSDF.uexp" 485
"../../../Engine/Plugins/Interchange/Runtime/Content/Functions/MX_DielectricBSDF.uasset" 486
"../../../Engine/Plugins/Interchange/Runtime/Content/Functions/MX_DielectricBSDF.uexp" 487
"../../../Engine/Plugins/Interchange/Runtime/Content/Functions/MX_ConicalEDF.uasset" 488
"../../../Engine/Plugins/Interchange/Runtime/Content/Functions/MX_ConicalEDF.uexp" 489
"../../../Engine/Plugins/Interchange/Runtime/Content/Functions/MX_ConductorBSDF.uasset" 490
"../../../Engine/Plugins/Interchange/Runtime/Content/Functions/MX_ConductorBSDF.uexp" 491
"../../../Engine/Plugins/Interchange/Runtime/Content/Functions/MX_BurleyDiffuseBSDF.uasset" 492
"../../../Engine/Plugins/Interchange/Runtime/Content/Functions/MX_BurleyDiffuseBSDF.uexp" 493
"../../../Engine/Plugins/Interchange/Runtime/Content/Functions/MX_AnisotropicVDF.uasset" 494
"../../../Engine/Plugins/Interchange/Runtime/Content/Functions/MX_AnisotropicVDF.uexp" 495
"../../../Engine/Plugins/Interchange/Runtime/Content/Functions/MX_AbsorptionVDF.uasset" 496
"../../../Engine/Plugins/Interchange/Runtime/Content/Functions/MX_AbsorptionVDF.uexp" 497
"../../../Engine/Plugins/Editor/SpeedTreeImporter/Content/SpeedTree9/game_wind_noise.ubulk" 498
"../../../Engine/Plugins/Editor/SpeedTreeImporter/Content/SpeedTree9/game_wind_noise.uasset" 499
"../../../Engine/Plugins/Editor/SpeedTreeImporter/Content/SpeedTree9/game_wind_noise.uexp" 500
"../../../Engine/Plugins/Editor/SpeedTreeImporter/Content/SpeedTree9/UnpackDirection.uasset" 501
"../../../Engine/Plugins/Editor/SpeedTreeImporter/Content/SpeedTree9/UnpackDirection.uexp" 502
"../../../Engine/Content/Functions/Engine_MaterialFunctions02/ObjectLocalBounds.uasset" 503
"../../../Engine/Content/Functions/Engine_MaterialFunctions02/ObjectLocalBounds.uexp" 504
"../../../Engine/Content/Functions/Engine_MaterialFunctions02/UVs/BoundingBoxBased_0-1_UVW.uasset" 505
"../../../Engine/Content/Functions/Engine_MaterialFunctions02/UVs/BoundingBoxBased_0-1_UVW.uexp" 506
"../../../Engine/Content/Functions/Engine_MaterialFunctions02/Utility/VectorLength.uasset" 507
"../../../Engine/Content/Functions/Engine_MaterialFunctions02/Utility/VectorLength.uexp" 508
"../../../Engine/Plugins/Editor/SpeedTreeImporter/Content/SpeedTree9/UnpackInteger3.uasset" 509
"../../../Engine/Plugins/Editor/SpeedTreeImporter/Content/SpeedTree9/UnpackInteger3.uexp" 510
"../../../Engine/Plugins/Editor/SpeedTreeImporter/Content/SpeedTree9/SpeedTreeCameraFacing.uasset" 511
"../../../Engine/Plugins/Editor/SpeedTreeImporter/Content/SpeedTree9/SpeedTreeCameraFacing.uexp" 512
"../../../Engine/Content/Functions/Engine_MaterialFunctions02/WorldPositionOffset/ObjectScale.uasset" 513
"../../../Engine/Content/Functions/Engine_MaterialFunctions02/WorldPositionOffset/ObjectScale.uexp" 514
"../../../Engine/Content/Functions/Engine_MaterialFunctions02/SafeNormalize.uasset" 515
"../../../Engine/Content/Functions/Engine_MaterialFunctions02/SafeNormalize.uexp" 516
"../../../Engine/Plugins/Editor/SpeedTreeImporter/Content/SpeedTree9/SpeedTreeWindMotion.uasset" 517
"../../../Engine/Plugins/Editor/SpeedTreeImporter/Content/SpeedTree9/SpeedTreeWindMotion.uexp" 518
"../../../Engine/Plugins/Editor/SpeedTreeImporter/Content/SpeedTree9/SpeedTreeBranchMotion.uasset" 519
"../../../Engine/Plugins/Editor/SpeedTreeImporter/Content/SpeedTree9/SpeedTreeBranchMotion.uexp" 520
"../../../Engine/Plugins/Editor/SpeedTreeImporter/Content/SpeedTree9/SpeedTreeWind.uasset" 521
"../../../Engine/Plugins/Editor/SpeedTreeImporter/Content/SpeedTree9/SpeedTreeWind.uexp" 522
"../../../Engine/Plugins/Editor/SpeedTreeImporter/Content/SpeedTree9/EmptyNormal.uasset" 523
"../../../Engine/Plugins/Editor/SpeedTreeImporter/Content/SpeedTree9/EmptyNormal.uexp" 524
"../../../Engine/Plugins/Editor/SpeedTreeImporter/Content/SpeedTree9/Empty.uasset" 525
"../../../Engine/Plugins/Editor/SpeedTreeImporter/Content/SpeedTree9/Empty.uexp" 526
"../../../Engine/Plugins/Editor/SpeedTreeImporter/Content/SpeedTree9/SpeedTreeMaster.uasset" 527
"../../../Engine/Plugins/Editor/SpeedTreeImporter/Content/SpeedTree9/SpeedTreeMaster.uexp" 528
"../../../Engine/Plugins/Editor/SpeedTreeImporter/Content/SpeedTree9/SpeedTreeBillboard.uasset" 529
"../../../Engine/Plugins/Editor/SpeedTreeImporter/Content/SpeedTree9/SpeedTreeBillboard.uexp" 530
"../../../Engine/Plugins/Editor/SpeedTreeImporter/Content/SpeedTree9/SpeedTreeBillboardMaster.uasset" 531
"../../../Engine/Plugins/Editor/SpeedTreeImporter/Content/SpeedTree9/SpeedTreeBillboardMaster.uexp" 532
"../../../Engine/Content/Functions/Engine_MaterialFunctions02/WorldPositionOffset/CameraOffset.uasset" 533
"../../../Engine/Content/Functions/Engine_MaterialFunctions02/WorldPositionOffset/CameraOffset.uexp" 534
"../../../Engine/Plugins/Animation/ControlRig/Content/M_Manip.uasset" 535
"../../../Engine/Plugins/Animation/ControlRig/Content/M_Manip.uexp" 536
"../../../Engine/Plugins/Animation/ControlRig/Content/Controls/ControlRig_Wedge_solid.ubulk" 537
"../../../Engine/Plugins/Animation/ControlRig/Content/Controls/ControlRig_Wedge_solid.uasset" 538
"../../../Engine/Plugins/Animation/ControlRig/Content/Controls/ControlRig_Wedge_solid.uexp" 539
"../../../Engine/Plugins/Animation/ControlRig/Content/Controls/ControlRig_Wedge_3mm.ubulk" 540
"../../../Engine/Plugins/Animation/ControlRig/Content/Controls/ControlRig_Wedge_3mm.uasset" 541
"../../../Engine/Plugins/Animation/ControlRig/Content/Controls/ControlRig_Wedge_3mm.uexp" 542
"../../../Engine/Plugins/Animation/ControlRig/Content/Controls/ControlRig_Wedge_1mm.ubulk" 543
"../../../Engine/Plugins/Animation/ControlRig/Content/Controls/ControlRig_Wedge_1mm.uasset" 544
"../../../Engine/Plugins/Animation/ControlRig/Content/Controls/ControlRig_Wedge_1mm.uexp" 545
"../../../Engine/Plugins/Animation/ControlRig/Content/Controls/ControlRig_Triangle_solid.ubulk" 546
"../../../Engine/Plugins/Animation/ControlRig/Content/Controls/ControlRig_Triangle_solid.uasset" 547
"../../../Engine/Plugins/Animation/ControlRig/Content/Controls/ControlRig_Triangle_solid.uexp" 548
"../../../Engine/Plugins/Animation/ControlRig/Content/Controls/ControlRig_Triangle_3mm.ubulk" 549
"../../../Engine/Plugins/Animation/ControlRig/Content/Controls/ControlRig_Triangle_3mm.uasset" 550
"../../../Engine/Plugins/Animation/ControlRig/Content/Controls/ControlRig_Triangle_3mm.uexp" 551
"../../../Engine/Plugins/Animation/ControlRig/Content/Controls/ControlRig_Triangle_1mm.ubulk" 552
"../../../Engine/Plugins/Animation/ControlRig/Content/Controls/ControlRig_Triangle_1mm.uasset" 553
"../../../Engine/Plugins/Animation/ControlRig/Content/Controls/ControlRig_Triangle_1mm.uexp" 554
"../../../Engine/Plugins/Animation/ControlRig/Content/Controls/ControlRig_Star4_solid.ubulk" 555
"../../../Engine/Plugins/Animation/ControlRig/Content/Controls/ControlRig_Star4_solid.uasset" 556
"../../../Engine/Plugins/Animation/ControlRig/Content/Controls/ControlRig_Star4_solid.uexp" 557
"../../../Engine/Plugins/Animation/ControlRig/Content/Controls/ControlRig_Star4_3mm.ubulk" 558
"../../../Engine/Plugins/Animation/ControlRig/Content/Controls/ControlRig_Star4_3mm.uasset" 559
"../../../Engine/Plugins/Animation/ControlRig/Content/Controls/ControlRig_Star4_3mm.uexp" 560
"../../../Engine/Plugins/Animation/ControlRig/Content/Controls/ControlRig_Star4_1mm.ubulk" 561
"../../../Engine/Plugins/Animation/ControlRig/Content/Controls/ControlRig_Star4_1mm.uasset" 562
"../../../Engine/Plugins/Animation/ControlRig/Content/Controls/ControlRig_Star4_1mm.uexp" 563
"../../../Engine/Plugins/Animation/ControlRig/Content/Controls/ControlRig_Square_solid.ubulk" 564
"../../../Engine/Plugins/Animation/ControlRig/Content/Controls/ControlRig_Square_solid.uasset" 565
"../../../Engine/Plugins/Animation/ControlRig/Content/Controls/ControlRig_Square_solid.uexp" 566
"../../../Engine/Plugins/Animation/ControlRig/Content/Controls/ControlRig_Square_3mm.ubulk" 567
"../../../Engine/Plugins/Animation/ControlRig/Content/Controls/ControlRig_Square_3mm.uasset" 568
"../../../Engine/Plugins/Animation/ControlRig/Content/Controls/ControlRig_Square_3mm.uexp" 569
"../../../Engine/Plugins/Animation/ControlRig/Content/Controls/ControlRig_Square_1mm.ubulk" 570
"../../../Engine/Plugins/Animation/ControlRig/Content/Controls/ControlRig_Square_1mm.uasset" 571
"../../../Engine/Plugins/Animation/ControlRig/Content/Controls/ControlRig_Square_1mm.uexp" 572
"../../../Engine/Plugins/Animation/ControlRig/Content/Controls/ControlRig_Sphere_solid.ubulk" 573
"../../../Engine/Plugins/Animation/ControlRig/Content/Controls/ControlRig_Sphere_solid.uasset" 574
"../../../Engine/Plugins/Animation/ControlRig/Content/Controls/ControlRig_Sphere_solid.uexp" 575
"../../../Engine/Plugins/Animation/ControlRig/Content/Controls/ControlRig_Sphere_3mm.ubulk" 576
"../../../Engine/Plugins/Animation/ControlRig/Content/Controls/ControlRig_Sphere_3mm.uasset" 577
"../../../Engine/Plugins/Animation/ControlRig/Content/Controls/ControlRig_Sphere_3mm.uexp" 578
"../../../Engine/Plugins/Animation/ControlRig/Content/Controls/ControlRig_Sphere_1mm.ubulk" 579
"../../../Engine/Plugins/Animation/ControlRig/Content/Controls/ControlRig_Sphere_1mm.uasset" 580
"../../../Engine/Plugins/Animation/ControlRig/Content/Controls/ControlRig_Sphere_1mm.uexp" 581
"../../../Engine/Plugins/Animation/ControlRig/Content/Controls/ControlRig_RoundedTriangle_solid.ubulk" 582
"../../../Engine/Plugins/Animation/ControlRig/Content/Controls/ControlRig_RoundedTriangle_solid.uasset" 583
"../../../Engine/Plugins/Animation/ControlRig/Content/Controls/ControlRig_RoundedTriangle_solid.uexp" 584
"../../../Engine/Plugins/Animation/ControlRig/Content/Controls/ControlRig_RoundedTriangle_3mm.ubulk" 585
"../../../Engine/Plugins/Animation/ControlRig/Content/Controls/ControlRig_RoundedTriangle_3mm.uasset" 586
"../../../Engine/Plugins/Animation/ControlRig/Content/Controls/ControlRig_RoundedTriangle_3mm.uexp" 587
"../../../Engine/Plugins/Animation/ControlRig/Content/Controls/ControlRig_RoundedTriangle_1mm.ubulk" 588
"../../../Engine/Plugins/Animation/ControlRig/Content/Controls/ControlRig_RoundedTriangle_1mm.uasset" 589
"../../../Engine/Plugins/Animation/ControlRig/Content/Controls/ControlRig_RoundedTriangle_1mm.uexp" 590
"../../../Engine/Plugins/Animation/ControlRig/Content/Controls/ControlRig_RoundedSquare_solid.ubulk" 591
"../../../Engine/Plugins/Animation/ControlRig/Content/Controls/ControlRig_RoundedSquare_solid.uasset" 592
"../../../Engine/Plugins/Animation/ControlRig/Content/Controls/ControlRig_RoundedSquare_solid.uexp" 593
"../../../Engine/Plugins/Animation/ControlRig/Content/Controls/ControlRig_RoundedSquare_3mm.ubulk" 594
"../../../Engine/Plugins/Animation/ControlRig/Content/Controls/ControlRig_RoundedSquare_3mm.uasset" 595
"../../../Engine/Plugins/Animation/ControlRig/Content/Controls/ControlRig_RoundedSquare_3mm.uexp" 596
"../../../Engine/Plugins/Animation/ControlRig/Content/Controls/ControlRig_RoundedSquare_1mm.ubulk" 597
"../../../Engine/Plugins/Animation/ControlRig/Content/Controls/ControlRig_RoundedSquare_1mm.uasset" 598
"../../../Engine/Plugins/Animation/ControlRig/Content/Controls/ControlRig_RoundedSquare_1mm.uexp" 599
"../../../Engine/Plugins/Animation/ControlRig/Content/Controls/ControlRig_QuarterCircle_solid.ubulk" 600
"../../../Engine/Plugins/Animation/ControlRig/Content/Controls/ControlRig_QuarterCircle_solid.uasset" 601
"../../../Engine/Plugins/Animation/ControlRig/Content/Controls/ControlRig_QuarterCircle_solid.uexp" 602
"../../../Engine/Plugins/Animation/ControlRig/Content/Controls/ControlRig_QuarterCircle_3mm.ubulk" 603
"../../../Engine/Plugins/Animation/ControlRig/Content/Controls/ControlRig_QuarterCircle_3mm.uasset" 604
"../../../Engine/Plugins/Animation/ControlRig/Content/Controls/ControlRig_QuarterCircle_3mm.uexp" 605
"../../../Engine/Plugins/Animation/ControlRig/Content/Controls/ControlRig_QuarterCircle_1mm.ubulk" 606
"../../../Engine/Plugins/Animation/ControlRig/Content/Controls/ControlRig_QuarterCircle_1mm.uasset" 607
"../../../Engine/Plugins/Animation/ControlRig/Content/Controls/ControlRig_QuarterCircle_1mm.uexp" 608
"../../../Engine/Plugins/Animation/ControlRig/Content/Controls/ControlRig_Pyramid_solid.ubulk" 609
"../../../Engine/Plugins/Animation/ControlRig/Content/Controls/ControlRig_Pyramid_solid.uasset" 610
"../../../Engine/Plugins/Animation/ControlRig/Content/Controls/ControlRig_Pyramid_solid.uexp" 611
"../../../Engine/Plugins/Animation/ControlRig/Content/Controls/ControlRig_Pyramid_3mm.ubulk" 612
"../../../Engine/Plugins/Animation/ControlRig/Content/Controls/ControlRig_Pyramid_3mm.uasset" 613
"../../../Engine/Plugins/Animation/ControlRig/Content/Controls/ControlRig_Pyramid_3mm.uexp" 614
"../../../Engine/Plugins/Animation/ControlRig/Content/Controls/ControlRig_Pyramid_1mm.ubulk" 615
"../../../Engine/Plugins/Animation/ControlRig/Content/Controls/ControlRig_Pyramid_1mm.uasset" 616
"../../../Engine/Plugins/Animation/ControlRig/Content/Controls/ControlRig_Pyramid_1mm.uexp" 617
"../../../Engine/Plugins/Animation/ControlRig/Content/Controls/ControlRig_Octagon_solid.ubulk" 618
"../../../Engine/Plugins/Animation/ControlRig/Content/Controls/ControlRig_Octagon_solid.uasset" 619
"../../../Engine/Plugins/Animation/ControlRig/Content/Controls/ControlRig_Octagon_solid.uexp" 620
"../../../Engine/Plugins/Animation/ControlRig/Content/Controls/ControlRig_Octagon_3mm.ubulk" 621
"../../../Engine/Plugins/Animation/ControlRig/Content/Controls/ControlRig_Octagon_3mm.uasset" 622
"../../../Engine/Plugins/Animation/ControlRig/Content/Controls/ControlRig_Octagon_3mm.uexp" 623
"../../../Engine/Plugins/Animation/ControlRig/Content/Controls/ControlRig_Octagon_1mm.ubulk" 624
"../../../Engine/Plugins/Animation/ControlRig/Content/Controls/ControlRig_Octagon_1mm.uasset" 625
"../../../Engine/Plugins/Animation/ControlRig/Content/Controls/ControlRig_Octagon_1mm.uexp" 626
"../../../Engine/Plugins/Animation/ControlRig/Content/Controls/ControlRig_Hexagon_solid.ubulk" 627
"../../../Engine/Plugins/Animation/ControlRig/Content/Controls/ControlRig_Hexagon_solid.uasset" 628
"../../../Engine/Plugins/Animation/ControlRig/Content/Controls/ControlRig_Hexagon_solid.uexp" 629
"../../../Engine/Plugins/Animation/ControlRig/Content/Controls/ControlRig_Hexagon_3mm.ubulk" 630
"../../../Engine/Plugins/Animation/ControlRig/Content/Controls/ControlRig_Hexagon_3mm.uasset" 631
"../../../Engine/Plugins/Animation/ControlRig/Content/Controls/ControlRig_Hexagon_3mm.uexp" 632
"../../../Engine/Plugins/Animation/ControlRig/Content/Controls/ControlRig_Hexagon_1mm.ubulk" 633
"../../../Engine/Plugins/Animation/ControlRig/Content/Controls/ControlRig_Hexagon_1mm.uasset" 634
"../../../Engine/Plugins/Animation/ControlRig/Content/Controls/ControlRig_Hexagon_1mm.uexp" 635
"../../../Engine/Plugins/Animation/ControlRig/Content/Controls/ControlRig_HalfCircle_solid.ubulk" 636
"../../../Engine/Plugins/Animation/ControlRig/Content/Controls/ControlRig_HalfCircle_solid.uasset" 637
"../../../Engine/Plugins/Animation/ControlRig/Content/Controls/ControlRig_HalfCircle_solid.uexp" 638
"../../../Engine/Plugins/Animation/ControlRig/Content/Controls/ControlRig_HalfCircle_3mm.ubulk" 639
"../../../Engine/Plugins/Animation/ControlRig/Content/Controls/ControlRig_HalfCircle_3mm.uasset" 640
"../../../Engine/Plugins/Animation/ControlRig/Content/Controls/ControlRig_HalfCircle_3mm.uexp" 641
"../../../Engine/Plugins/Animation/ControlRig/Content/Controls/ControlRig_HalfCircle_1mm.ubulk" 642
"../../../Engine/Plugins/Animation/ControlRig/Content/Controls/ControlRig_HalfCircle_1mm.uasset" 643
"../../../Engine/Plugins/Animation/ControlRig/Content/Controls/ControlRig_HalfCircle_1mm.uexp" 644
"../../../Engine/Plugins/Animation/ControlRig/Content/Controls/ControlRig_Diamond_solid.ubulk" 645
"../../../Engine/Plugins/Animation/ControlRig/Content/Controls/ControlRig_Diamond_solid.uasset" 646
"../../../Engine/Plugins/Animation/ControlRig/Content/Controls/ControlRig_Diamond_solid.uexp" 647
"../../../Engine/Plugins/Animation/ControlRig/Content/Controls/ControlRig_Diamond_3mm.ubulk" 648
"../../../Engine/Plugins/Animation/ControlRig/Content/Controls/ControlRig_Diamond_3mm.uasset" 649
"../../../Engine/Plugins/Animation/ControlRig/Content/Controls/ControlRig_Diamond_3mm.uexp" 650
"../../../Engine/Plugins/Animation/ControlRig/Content/Controls/ControlRig_Diamond_1mm.ubulk" 651
"../../../Engine/Plugins/Animation/ControlRig/Content/Controls/ControlRig_Diamond_1mm.uasset" 652
"../../../Engine/Plugins/Animation/ControlRig/Content/Controls/ControlRig_Diamond_1mm.uexp" 653
"../../../Engine/Plugins/Animation/ControlRig/Content/Controls/ControlRig_Circle_solid.ubulk" 654
"../../../Engine/Plugins/Animation/ControlRig/Content/Controls/ControlRig_Circle_solid.uasset" 655
"../../../Engine/Plugins/Animation/ControlRig/Content/Controls/ControlRig_Circle_solid.uexp" 656
"../../../Engine/Plugins/Animation/ControlRig/Content/Controls/ControlRig_Circle_3mm.ubulk" 657
"../../../Engine/Plugins/Animation/ControlRig/Content/Controls/ControlRig_Circle_3mm.uasset" 658
"../../../Engine/Plugins/Animation/ControlRig/Content/Controls/ControlRig_Circle_3mm.uexp" 659
"../../../Engine/Plugins/Animation/ControlRig/Content/Controls/ControlRig_Circle_1mm.ubulk" 660
"../../../Engine/Plugins/Animation/ControlRig/Content/Controls/ControlRig_Circle_1mm.uasset" 661
"../../../Engine/Plugins/Animation/ControlRig/Content/Controls/ControlRig_Circle_1mm.uexp" 662
"../../../Engine/Plugins/Animation/ControlRig/Content/Controls/ControlRig_Box_solid.ubulk" 663
"../../../Engine/Plugins/Animation/ControlRig/Content/Controls/ControlRig_Box_solid.uasset" 664
"../../../Engine/Plugins/Animation/ControlRig/Content/Controls/ControlRig_Box_solid.uexp" 665
"../../../Engine/Plugins/Animation/ControlRig/Content/Controls/ControlRig_Box_3mm.ubulk" 666
"../../../Engine/Plugins/Animation/ControlRig/Content/Controls/ControlRig_Box_3mm.uasset" 667
"../../../Engine/Plugins/Animation/ControlRig/Content/Controls/ControlRig_Box_3mm.uexp" 668
"../../../Engine/Plugins/Animation/ControlRig/Content/Controls/ControlRig_Box_1mm.ubulk" 669
"../../../Engine/Plugins/Animation/ControlRig/Content/Controls/ControlRig_Box_1mm.uasset" 670
"../../../Engine/Plugins/Animation/ControlRig/Content/Controls/ControlRig_Box_1mm.uexp" 671
"../../../Engine/Plugins/Animation/ControlRig/Content/Controls/ControlRig_Arrow_solid.ubulk" 672
"../../../Engine/Plugins/Animation/ControlRig/Content/Controls/ControlRig_Arrow_solid.uasset" 673
"../../../Engine/Plugins/Animation/ControlRig/Content/Controls/ControlRig_Arrow_solid.uexp" 674
"../../../Engine/Plugins/Animation/ControlRig/Content/Controls/ControlRig_Arrow_3mm.ubulk" 675
"../../../Engine/Plugins/Animation/ControlRig/Content/Controls/ControlRig_Arrow_3mm.uasset" 676
"../../../Engine/Plugins/Animation/ControlRig/Content/Controls/ControlRig_Arrow_3mm.uexp" 677
"../../../Engine/Plugins/Animation/ControlRig/Content/Controls/ControlRig_Arrow_1mm.ubulk" 678
"../../../Engine/Plugins/Animation/ControlRig/Content/Controls/ControlRig_Arrow_1mm.uasset" 679
"../../../Engine/Plugins/Animation/ControlRig/Content/Controls/ControlRig_Arrow_1mm.uexp" 680
"../../../Engine/Plugins/Animation/ControlRig/Content/Controls/ControlRig_Arrow4_solid.ubulk" 681
"../../../Engine/Plugins/Animation/ControlRig/Content/Controls/ControlRig_Arrow4_solid.uasset" 682
"../../../Engine/Plugins/Animation/ControlRig/Content/Controls/ControlRig_Arrow4_solid.uexp" 683
"../../../Engine/Plugins/Animation/ControlRig/Content/Controls/ControlRig_Arrow4_3mm.ubulk" 684
"../../../Engine/Plugins/Animation/ControlRig/Content/Controls/ControlRig_Arrow4_3mm.uasset" 685
"../../../Engine/Plugins/Animation/ControlRig/Content/Controls/ControlRig_Arrow4_3mm.uexp" 686
"../../../Engine/Plugins/Animation/ControlRig/Content/Controls/ControlRig_Arrow4_1mm.ubulk" 687
"../../../Engine/Plugins/Animation/ControlRig/Content/Controls/ControlRig_Arrow4_1mm.uasset" 688
"../../../Engine/Plugins/Animation/ControlRig/Content/Controls/ControlRig_Arrow4_1mm.uexp" 689
"../../../Engine/Plugins/Animation/ControlRig/Content/Controls/ControlRig_Arrow2_solid.ubulk" 690
"../../../Engine/Plugins/Animation/ControlRig/Content/Controls/ControlRig_Arrow2_solid.uasset" 691
"../../../Engine/Plugins/Animation/ControlRig/Content/Controls/ControlRig_Arrow2_solid.uexp" 692
"../../../Engine/Plugins/Animation/ControlRig/Content/Controls/ControlRig_Arrow2_3mm.ubulk" 693
"../../../Engine/Plugins/Animation/ControlRig/Content/Controls/ControlRig_Arrow2_3mm.uasset" 694
"../../../Engine/Plugins/Animation/ControlRig/Content/Controls/ControlRig_Arrow2_3mm.uexp" 695
"../../../Engine/Plugins/Animation/ControlRig/Content/Controls/ControlRig_Arrow2_1mm.ubulk" 696
"../../../Engine/Plugins/Animation/ControlRig/Content/Controls/ControlRig_Arrow2_1mm.uasset" 697
"../../../Engine/Plugins/Animation/ControlRig/Content/Controls/ControlRig_Arrow2_1mm.uexp" 698
"../../../Engine/Plugins/Animation/ControlRig/Content/Controls/ControlRigXRayMaterial.uasset" 699
"../../../Engine/Plugins/Animation/ControlRig/Content/Controls/ControlRigXRayMaterial.uexp" 700
"../../../Engine/Plugins/Animation/ControlRig/Content/Controls/ControlRigGizmoMaterial.uasset" 701
"../../../Engine/Plugins/Animation/ControlRig/Content/Controls/ControlRigGizmoMaterial.uexp" 702
"../../../Engine/Plugins/2D/Paper2D/Content/PlaceholderTextures/DummySpriteTexture.ubulk" 703
"../../../Engine/Plugins/2D/Paper2D/Content/PlaceholderTextures/DummySpriteTexture.uasset" 704
"../../../Engine/Plugins/2D/Paper2D/Content/PlaceholderTextures/DummySpriteTexture.uexp" 705
"../../../Engine/Plugins/2D/Paper2D/Content/DefaultSpriteMaterial.uasset" 706
"../../../Engine/Plugins/2D/Paper2D/Content/DefaultSpriteMaterial.uexp" 707
"../../../Engine/Plugins/2D/Paper2D/Content/OpaqueUnlitSpriteMaterial.uasset" 708
"../../../Engine/Plugins/2D/Paper2D/Content/OpaqueUnlitSpriteMaterial.uexp" 709
"../../../Engine/Plugins/2D/Paper2D/Content/MaskedUnlitSpriteMaterial.uasset" 710
"../../../Engine/Plugins/2D/Paper2D/Content/MaskedUnlitSpriteMaterial.uexp" 711
"../../../Engine/Plugins/2D/Paper2D/Content/DummySprite.uasset" 712
"../../../Engine/Plugins/2D/Paper2D/Content/DummySprite.uexp" 713
"../../../Engine/Plugins/2D/Paper2D/Content/DefaultPaperTerrainMaterial.uasset" 714
"../../../Engine/Plugins/2D/Paper2D/Content/DefaultPaperTerrainMaterial.uexp" 715
"../../../Engine/Content/VREditor/TransformGizmo/StartRotationHandleIndicator.ubulk" 716
"../../../Engine/Content/VREditor/TransformGizmo/StartRotationHandleIndicator.uasset" 717
"../../../Engine/Content/VREditor/TransformGizmo/StartRotationHandleIndicator.uexp" 718
"../../../Engine/Content/VREditor/Sounds/UI/Drop_Item_From_ContentBrowser.ubulk" 719
"../../../Engine/Content/VREditor/Sounds/UI/Drop_Item_From_ContentBrowser.uasset" 720
"../../../Engine/Content/VREditor/Sounds/UI/Drop_Item_From_ContentBrowser.uexp" 721
"../../../Engine/Content/VREditor/TransformGizmo/PlaneTranslationHandle.ubulk" 722
"../../../Engine/Content/VREditor/TransformGizmo/PlaneTranslationHandle.uasset" 723
"../../../Engine/Content/VREditor/TransformGizmo/PlaneTranslationHandle.uexp" 724
"../../../Engine/Content/VREditor/Sounds/UI/Object_Snaps_To_Grid.ubulk" 725
"../../../Engine/Content/VREditor/Sounds/UI/Object_Snaps_To_Grid.uasset" 726
"../../../Engine/Content/VREditor/Sounds/UI/Object_Snaps_To_Grid.uexp" 727
"../../../Engine/Content/VREditor/Sounds/UI/Selection_Changes.ubulk" 728
"../../../Engine/Content/VREditor/Sounds/UI/Selection_Changes.uasset" 729
"../../../Engine/Content/VREditor/Sounds/UI/Selection_Changes.uexp" 730
"../../../Engine/Content/VREditor/Sounds/UI/Object_Snaps_To_Another_Actor.ubulk" 731
"../../../Engine/Content/VREditor/Sounds/UI/Object_Snaps_To_Another_Actor.uasset" 732
"../../../Engine/Content/VREditor/Sounds/UI/Object_Snaps_To_Another_Actor.uexp" 733
"../../../Engine/Content/VREditor/TransformGizmo/TranslucentTransformGizmoMaterial_Inst.uasset" 734
"../../../Engine/Content/VREditor/TransformGizmo/TranslucentTransformGizmoMaterial_Inst.uexp" 735
"../../../Engine/Content/VREditor/TransformGizmo/TransformGizmoFreeRotation.ubulk" 736
"../../../Engine/Content/VREditor/TransformGizmo/TransformGizmoFreeRotation.uasset" 737
"../../../Engine/Content/VREditor/TransformGizmo/TransformGizmoFreeRotation.uexp" 738
"../../../Engine/Content/VREditor/Sounds/UI/Scaling_Down.ubulk" 739
"../../../Engine/Content/VREditor/Sounds/UI/Scaling_Down.uasset" 740
"../../../Engine/Content/VREditor/Sounds/UI/Scaling_Down.uexp" 741
"../../../Engine/Content/Functions/Engine_MaterialFunctions02/Math/Transform3x3Matrix.uasset" 742
"../../../Engine/Content/Functions/Engine_MaterialFunctions02/Math/Transform3x3Matrix.uexp" 743
"../../../Engine/Content/Functions/Engine_MaterialFunctions02/SplitComponents.uasset" 744
"../../../Engine/Content/Functions/Engine_MaterialFunctions02/SplitComponents.uexp" 745
"../../../Engine/Content/Functions/Engine_MaterialFunctions02/Utility/MakeFloat3.uasset" 746
"../../../Engine/Content/Functions/Engine_MaterialFunctions02/Utility/MakeFloat3.uexp" 747
"../../../Engine/Content/VREditor/SnapGrid/SnapGridMaterial.uasset" 748
"../../../Engine/Content/VREditor/SnapGrid/SnapGridMaterial.uexp" 749
"../../../Engine/Content/VREditor/SnapGrid/SnapGridPlaneMesh.ubulk" 750
"../../../Engine/Content/VREditor/SnapGrid/SnapGridPlaneMesh.uasset" 751
"../../../Engine/Content/VREditor/SnapGrid/SnapGridPlaneMesh.uexp" 752
"../../../Engine/Content/VREditor/Sounds/UI/Scaling_Up.ubulk" 753
"../../../Engine/Content/VREditor/Sounds/UI/Scaling_Up.uasset" 754
"../../../Engine/Content/VREditor/Sounds/UI/Scaling_Up.uexp" 755
"../../../Engine/Content/VREditor/TransformGizmo/TransformGizmoMaterial_Inst.uasset" 756
"../../../Engine/Content/VREditor/TransformGizmo/TransformGizmoMaterial_Inst.uexp" 757
"../../../Engine/Content/VREditor/Sounds/UI/Gizmo_Handle_Clicked.ubulk" 758
"../../../Engine/Content/VREditor/Sounds/UI/Gizmo_Handle_Clicked.uasset" 759
"../../../Engine/Content/VREditor/Sounds/UI/Gizmo_Handle_Clicked.uexp" 760
"../../../Engine/Content/VREditor/TransformGizmo/RotationHandleQuarter.ubulk" 761
"../../../Engine/Content/VREditor/TransformGizmo/RotationHandleQuarter.uasset" 762
"../../../Engine/Content/VREditor/TransformGizmo/RotationHandleQuarter.uexp" 763
"../../../Engine/Content/VREditor/TransformGizmo/TranslateArrowHandle.ubulk" 764
"../../../Engine/Content/VREditor/TransformGizmo/TranslateArrowHandle.uasset" 765
"../../../Engine/Content/VREditor/TransformGizmo/TranslateArrowHandle.uexp" 766
"../../../Engine/Content/VREditor/TransformGizmo/RotationHandleIndicator.ubulk" 767
"../../../Engine/Content/VREditor/TransformGizmo/RotationHandleIndicator.uasset" 768
"../../../Engine/Content/VREditor/TransformGizmo/RotationHandleIndicator.uexp" 769
"../../../Engine/Content/VREditor/TransformGizmo/UniformScaleHandle.ubulk" 770
"../../../Engine/Content/VREditor/TransformGizmo/UniformScaleHandle.uasset" 771
"../../../Engine/Content/VREditor/TransformGizmo/UniformScaleHandle.uexp" 772
"../../../Engine/Content/VREditor/TransformGizmo/RotationHandleFull.ubulk" 773
"../../../Engine/Content/VREditor/TransformGizmo/RotationHandleFull.uasset" 774
"../../../Engine/Content/VREditor/TransformGizmo/RotationHandleFull.uexp" 775
"../../../Engine/Content/VREditor/Sounds/UI/Object_PickUp.ubulk" 776
"../../../Engine/Content/VREditor/Sounds/UI/Object_PickUp.uasset" 777
"../../../Engine/Content/VREditor/Sounds/UI/Object_PickUp.uexp" 778
"../../../Engine/Content/EngineSounds/Master.uasset" 779
"../../../Engine/Content/EngineSounds/Master.uexp" 780
"../../../Engine/Content/EngineResources/WhiteSquareTexture.uasset" 781
"../../../Engine/Content/EngineResources/WhiteSquareTexture.uexp" 782
"../../../Engine/Content/EngineMaterials/Widget3DPassThrough.uasset" 783
"../../../Engine/Content/EngineMaterials/Widget3DPassThrough.uexp" 784
"../../../Engine/Content/EngineMaterials/Widget3DPassThrough_Translucent.uasset" 785
"../../../Engine/Content/EngineMaterials/Widget3DPassThrough_Translucent.uexp" 786
"../../../Engine/Content/EngineMaterials/Widget3DPassThrough_Translucent_OneSided.uasset" 787
"../../../Engine/Content/EngineMaterials/Widget3DPassThrough_Translucent_OneSided.uexp" 788
"../../../Engine/Content/EngineMaterials/Widget3DPassThrough_Opaque.uasset" 789
"../../../Engine/Content/EngineMaterials/Widget3DPassThrough_Opaque.uexp" 790
"../../../Engine/Content/EngineMaterials/Widget3DPassThrough_Opaque_OneSided.uasset" 791
"../../../Engine/Content/EngineMaterials/Widget3DPassThrough_Opaque_OneSided.uexp" 792
"../../../Engine/Content/EngineMaterials/Widget3DPassThrough_Masked_OneSided.uasset" 793
"../../../Engine/Content/EngineMaterials/Widget3DPassThrough_Masked_OneSided.uexp" 794
"../../../Engine/Content/EngineMaterials/Widget3DPassThrough_Masked.uasset" 795
"../../../Engine/Content/EngineMaterials/Widget3DPassThrough_Masked.uexp" 796
"../../../Engine/Content/EngineMaterials/STBlueNoise_vec2_128x128x64.uasset" 797
"../../../Engine/Content/EngineMaterials/STBlueNoise_vec2_128x128x64.uexp" 798
"../../../Engine/Content/EngineMaterials/STBlueNoise_scalar_128x128x64.uasset" 799
"../../../Engine/Content/EngineMaterials/STBlueNoise_scalar_128x128x64.uexp" 800
"../../../Engine/Content/EngineMaterials/RemoveSurfaceMaterial.uasset" 801
"../../../Engine/Content/EngineMaterials/RemoveSurfaceMaterial.uexp" 802
"../../../Engine/Content/EngineMaterials/DefaultCalibrationGrayscale.uasset" 803
"../../../Engine/Content/EngineMaterials/DefaultCalibrationGrayscale.uexp" 804
"../../../Engine/Content/EngineMaterials/PPM_DefaultCalibrationGrayscale.uasset" 805
"../../../Engine/Content/EngineMaterials/PPM_DefaultCalibrationGrayscale.uexp" 806
"../../../Engine/Content/EngineMaterials/DefaultCalibrationColor.uasset" 807
"../../../Engine/Content/EngineMaterials/DefaultCalibrationColor.uexp" 808
"../../../Engine/Content/EngineMaterials/PPM_DefaultCalibrationColor.uasset" 809
"../../../Engine/Content/EngineMaterials/PPM_DefaultCalibrationColor.uexp" 810
"../../../Engine/Content/EngineMaterials/PhAT_JointLimitMaterial.uasset" 811
"../../../Engine/Content/EngineMaterials/PhAT_JointLimitMaterial.uexp" 812
"../../../Engine/Content/EngineMaterials/NaniteHiddenSectionMaterial.uasset" 813
"../../../Engine/Content/EngineMaterials/NaniteHiddenSectionMaterial.uexp" 814
"../../../Engine/Content/EngineMaterials/InvalidLightmapSettings.ubulk" 815
"../../../Engine/Content/EngineMaterials/InvalidLightmapSettings.uasset" 816
"../../../Engine/Content/EngineMaterials/InvalidLightmapSettings.uexp" 817
"../../../Engine/Content/EngineMaterials/M_InvalidLightmapSettings.uasset" 818
"../../../Engine/Content/EngineMaterials/M_InvalidLightmapSettings.uexp" 819
"../../../Engine/Content/EngineMaterials/GizmoMaterial.uasset" 820
"../../../Engine/Content/EngineMaterials/GizmoMaterial.uexp" 821
"../../../Engine/Content/EngineMaterials/BaseFlattenEmissiveMap_VT.uasset" 822
"../../../Engine/Content/EngineMaterials/BaseFlattenEmissiveMap_VT.uexp" 823
"../../../Engine/Content/EngineMaterials/BaseFlattenGrayscaleMap_VT.uasset" 824
"../../../Engine/Content/EngineMaterials/BaseFlattenGrayscaleMap_VT.uexp" 825
"../../../Engine/Content/EngineMaterials/BaseFlattenLinearColor_VT.uasset" 826
"../../../Engine/Content/EngineMaterials/BaseFlattenLinearColor_VT.uexp" 827
"../../../Engine/Content/EngineMaterials/Black_1x1_EXR_Texture_VT.uasset" 828
"../../../Engine/Content/EngineMaterials/Black_1x1_EXR_Texture_VT.uexp" 829
"../../../Engine/Content/EngineMaterials/BaseFlattenDiffuseMap_VT.uasset" 830
"../../../Engine/Content/EngineMaterials/BaseFlattenDiffuseMap_VT.uexp" 831
"../../../Engine/Content/EngineMaterials/BaseFlattenNormalMap_VT.uasset" 832
"../../../Engine/Content/EngineMaterials/BaseFlattenNormalMap_VT.uexp" 833
"../../../Engine/Content/EngineMaterials/FlattenMaterial_WS_Normal_VT.uasset" 834
"../../../Engine/Content/EngineMaterials/FlattenMaterial_WS_Normal_VT.uexp" 835
"../../../Engine/Content/EngineMaterials/FlattenMaterial_VT.uasset" 836
"../../../Engine/Content/EngineMaterials/FlattenMaterial_VT.uexp" 837
"../../../Engine/Content/EngineMaterials/BaseFlattenNormalMap.uasset" 838
"../../../Engine/Content/EngineMaterials/BaseFlattenNormalMap.uexp" 839
"../../../Engine/Content/EngineMaterials/BaseFlattenGrayscaleMap.uasset" 840
"../../../Engine/Content/EngineMaterials/BaseFlattenGrayscaleMap.uexp" 841
"../../../Engine/Content/EngineMaterials/BaseFlattenDiffuseMap.uasset" 842
"../../../Engine/Content/EngineMaterials/BaseFlattenDiffuseMap.uexp" 843
"../../../Engine/Content/Functions/Engine_MaterialFunctions02/PivotPainter2/Black_1x1_EXR_Texture.uasset" 844
"../../../Engine/Content/Functions/Engine_MaterialFunctions02/PivotPainter2/Black_1x1_EXR_Texture.uexp" 845
"../../../Engine/Content/EngineMaterials/BaseFlattenEmissiveMap.uasset" 846
"../../../Engine/Content/EngineMaterials/BaseFlattenEmissiveMap.uexp" 847
"../../../Engine/Content/EngineMaterials/BaseFlattenLinearColor.uasset" 848
"../../../Engine/Content/EngineMaterials/BaseFlattenLinearColor.uexp" 849
"../../../Engine/Content/EngineMaterials/FlattenMaterial.uasset" 850
"../../../Engine/Content/EngineMaterials/FlattenMaterial.uexp" 851
"../../../Engine/Content/EngineMaterials/DefaultWhiteGrid_Low.uasset" 852
"../../../Engine/Content/EngineMaterials/DefaultWhiteGrid_Low.uexp" 853
"../../../Engine/Content/EngineMaterials/EmissiveMeshMaterial.uasset" 854
"../../../Engine/Content/EngineMaterials/EmissiveMeshMaterial.uexp" 855
"../../../Engine/Content/EngineFonts/RobotoDistanceField.uasset" 856
"../../../Engine/Content/EngineFonts/RobotoDistanceField.uexp" 857
"../../../Engine/Content/EngineMaterials/DefaultTextMaterialOpaque.uasset" 858
"../../../Engine/Content/EngineMaterials/DefaultTextMaterialOpaque.uexp" 859
"../../../Engine/Content/EngineMaterials/DefaultDiffuse.ubulk" 860
"../../../Engine/Content/EngineMaterials/DefaultDiffuse.uasset" 861
"../../../Engine/Content/EngineMaterials/DefaultDiffuse.uexp" 862
"../../../Engine/Content/Functions/Engine_MaterialFunctions02/Utility/BreakOutFloat2Components.uasset" 863
"../../../Engine/Content/Functions/Engine_MaterialFunctions02/Utility/BreakOutFloat2Components.uexp" 864
"../../../Engine/Content/EngineMaterials/DefaultPostProcessMaterial.uasset" 865
"../../../Engine/Content/EngineMaterials/DefaultPostProcessMaterial.uexp" 866
"../../../Engine/Content/EngineMaterials/DefaultPhysicalMaterial.uasset" 867
"../../../Engine/Content/EngineMaterials/DefaultPhysicalMaterial.uexp" 868
"../../../Engine/Content/EngineMaterials/DefaultLightFunctionMaterial.uasset" 869
"../../../Engine/Content/EngineMaterials/DefaultLightFunctionMaterial.uexp" 870
"../../../Engine/Content/EngineMaterials/DefaultDestructiblePhysicalMaterial.uasset" 871
"../../../Engine/Content/EngineMaterials/DefaultDestructiblePhysicalMaterial.uexp" 872
"../../../Engine/Content/EngineMaterials/DefaultDeferredDecalMaterial.uasset" 873
"../../../Engine/Content/EngineMaterials/DefaultDeferredDecalMaterial.uexp" 874
"../../../Engine/Content/EngineMaterials/DefaultBloomKernel.uasset" 875
"../../../Engine/Content/EngineMaterials/DefaultBloomKernel.uexp" 876
"../../../Engine/Content/EngineFonts/Faces/RobotoLight.uexp" 877
"../../../Engine/Content/EngineFonts/Faces/RobotoLight.uasset" 878
"../../../Engine/Content/EngineFonts/Faces/RobotoLight.ufont" 879
"../../../Engine/Content/EngineFonts/Faces/RobotoBold.uexp" 880
"../../../Engine/Content/EngineFonts/Faces/RobotoBold.uasset" 881
"../../../Engine/Content/EngineFonts/Faces/RobotoBold.ufont" 882
"../../../Engine/Content/EngineFonts/Faces/RobotoRegular.uexp" 883
"../../../Engine/Content/EngineFonts/Faces/RobotoRegular.uasset" 884
"../../../Engine/Content/EngineFonts/Faces/RobotoRegular.ufont" 885
"../../../Engine/Content/EngineFonts/Faces/RobotoItalic.uexp" 886
"../../../Engine/Content/EngineFonts/Faces/RobotoItalic.uasset" 887
"../../../Engine/Content/EngineFonts/Faces/RobotoItalic.ufont" 888
"../../../Engine/Content/EngineFonts/Faces/RobotoBoldItalic.uexp" 889
"../../../Engine/Content/EngineFonts/Faces/RobotoBoldItalic.uasset" 890
"../../../Engine/Content/EngineFonts/Faces/RobotoBoldItalic.ufont" 891
"../../../Engine/Content/EngineFonts/Roboto.uasset" 892
"../../../Engine/Content/EngineFonts/Roboto.uexp" 893
"../../../Engine/Content/EngineDebugMaterials/VolumeToRender.uasset" 894
"../../../Engine/Content/EngineDebugMaterials/VolumeToRender.uexp" 895
"../../../Engine/Content/EngineDebugMaterials/M_VolumeRenderSphereTracePP.uasset" 896
"../../../Engine/Content/EngineDebugMaterials/M_VolumeRenderSphereTracePP.uexp" 897
"../../../Engine/Content/EngineDebugMaterials/M_SimpleUnlitTranslucent.uasset" 898
"../../../Engine/Content/EngineDebugMaterials/M_SimpleUnlitTranslucent.uexp" 899
"../../../Engine/Content/EngineDebugMaterials/DebugMeshMaterial.uasset" 900
"../../../Engine/Content/EngineDebugMaterials/DebugMeshMaterial.uexp" 901
"../../../Engine/Content/EngineDebugMaterials/DebugEditorMaterial.uasset" 902
"../../../Engine/Content/EngineDebugMaterials/DebugEditorMaterial.uexp" 903
"../../../Engine/Content/EngineDamageTypes/DmgTypeBP_Environmental.uasset" 904
"../../../Engine/Content/EngineDamageTypes/DmgTypeBP_Environmental.uexp" 905
"../../../Engine/Content/EditorResources/S_Terrain.ubulk" 906
"../../../Engine/Content/EditorResources/S_Terrain.uasset" 907
"../../../Engine/Content/EditorResources/S_Terrain.uexp" 908
"../../../Engine/Content/EditorResources/EmptyActor.uasset" 909
"../../../Engine/Content/EditorResources/EmptyActor.uexp" 910
"../../../Engine/Content/EditorResources/BSPVertex.uasset" 911
"../../../Engine/Content/EditorResources/BSPVertex.uexp" 912
"../../../Engine/Content/EditorMaterials/PreviewShadowIndicator.ubulk" 913
"../../../Engine/Content/EditorMaterials/PreviewShadowIndicator.uasset" 914
"../../../Engine/Content/EditorMaterials/PreviewShadowIndicator.uexp" 915
"../../../Engine/Content/EditorMaterials/PreviewShadowIndicatorMaterial.uasset" 916
"../../../Engine/Content/EditorMaterials/PreviewShadowIndicatorMaterial.uexp" 917
"../../../Engine/Content/EditorMaterials/PhAT_UnselectedMaterial.uasset" 918
"../../../Engine/Content/EditorMaterials/PhAT_UnselectedMaterial.uexp" 919
"../../../Engine/Content/EditorMaterials/PhAT_NoCollisionMaterial.uasset" 920
"../../../Engine/Content/EditorMaterials/PhAT_NoCollisionMaterial.uexp" 921
"../../../Engine/Content/EditorLandscapeResources/DefaultAlphaTexture.uasset" 922
"../../../Engine/Content/EditorLandscapeResources/DefaultAlphaTexture.uexp" 923
"../../../Engine/Content/EditorLandscapeResources/DataLayer.uasset" 924
"../../../Engine/Content/EditorLandscapeResources/DataLayer.uexp" 925
"../../../Engine/Content/BasicShapes/Cone.ubulk" 926
"../../../Engine/Content/BasicShapes/Cone.uasset" 927
"../../../Engine/Content/BasicShapes/Cone.uexp" 928
"C:/Users/Brad/Jones Dropbox/Brad Jones/PC/Desktop/ProjectRoguelite/Content/ThirdPerson/Maps/ThirdPersonMap_BuiltData.ubulk" 929
"C:/Users/Brad/Jones Dropbox/Brad Jones/PC/Desktop/ProjectRoguelite/Content/ThirdPerson/Maps/ThirdPersonMap_BuiltData.uasset" 930
"C:/Users/Brad/Jones Dropbox/Brad Jones/PC/Desktop/ProjectRoguelite/Content/ThirdPerson/Maps/ThirdPersonMap_BuiltData.uexp" 931
"C:/Users/Brad/Jones Dropbox/Brad Jones/PC/Desktop/ProjectRoguelite/Content/ThirdPerson/ForceFeedback/FFE_Shortest.uasset" 932
"C:/Users/Brad/Jones Dropbox/Brad Jones/PC/Desktop/ProjectRoguelite/Content/ThirdPerson/ForceFeedback/FFE_Shortest.uexp" 933
"C:/Users/Brad/Jones Dropbox/Brad Jones/PC/Desktop/ProjectRoguelite/Content/ThirdPerson/Animations/SheathSword.uasset" 934
"C:/Users/Brad/Jones Dropbox/Brad Jones/PC/Desktop/ProjectRoguelite/Content/ThirdPerson/Animations/SheathSword.uexp" 935
"C:/Users/Brad/Jones Dropbox/Brad Jones/PC/Desktop/ProjectRoguelite/Content/ThirdPerson/Animations/Idle2.uasset" 936
"C:/Users/Brad/Jones Dropbox/Brad Jones/PC/Desktop/ProjectRoguelite/Content/ThirdPerson/Animations/Idle2.uexp" 937
"C:/Users/Brad/Jones Dropbox/Brad Jones/PC/Desktop/ProjectRoguelite/Content/ThirdPerson/Animations/DrawSword.uasset" 938
"C:/Users/Brad/Jones Dropbox/Brad Jones/PC/Desktop/ProjectRoguelite/Content/ThirdPerson/Animations/DrawSword.uexp" 939
"C:/Users/Brad/Jones Dropbox/Brad Jones/PC/Desktop/ProjectRoguelite/Content/Spellcasting/Structures/Enum_HeavySpell.uasset" 940
"C:/Users/Brad/Jones Dropbox/Brad Jones/PC/Desktop/ProjectRoguelite/Content/Spellcasting/Structures/Enum_HeavySpell.uexp" 941
"C:/Users/Brad/Jones Dropbox/Brad Jones/PC/Desktop/ProjectRoguelite/Content/Spellcasting/Structures/Struct_HeavySpell.uasset" 942
"C:/Users/Brad/Jones Dropbox/Brad Jones/PC/Desktop/ProjectRoguelite/Content/Spellcasting/Structures/Struct_HeavySpell.uexp" 943
"C:/Users/Brad/Jones Dropbox/Brad Jones/PC/Desktop/ProjectRoguelite/Content/LevelPrototyping/Textures/T_GridChecker_A.ubulk" 944
"C:/Users/Brad/Jones Dropbox/Brad Jones/PC/Desktop/ProjectRoguelite/Content/LevelPrototyping/Textures/T_GridChecker_A.uasset" 945
"C:/Users/Brad/Jones Dropbox/Brad Jones/PC/Desktop/ProjectRoguelite/Content/LevelPrototyping/Textures/T_GridChecker_A.uexp" 946
"../../../Engine/Content/Functions/Engine_MaterialFunctions01/Gradient/LinearGradient.uasset" 947
"../../../Engine/Content/Functions/Engine_MaterialFunctions01/Gradient/LinearGradient.uexp" 948
"../../../Engine/Content/Functions/Engine_MaterialFunctions01/ImageAdjustment/CheapContrast.uasset" 949
"../../../Engine/Content/Functions/Engine_MaterialFunctions01/ImageAdjustment/CheapContrast.uexp" 950
"C:/Users/Brad/Jones Dropbox/Brad Jones/PC/Desktop/ProjectRoguelite/Content/LevelPrototyping/Materials/MF_ProcGrid.uasset" 951
"C:/Users/Brad/Jones Dropbox/Brad Jones/PC/Desktop/ProjectRoguelite/Content/LevelPrototyping/Materials/MF_ProcGrid.uexp" 952
"C:/Users/Brad/Jones Dropbox/Brad Jones/PC/Desktop/ProjectRoguelite/Content/LevelPrototyping/Materials/M_PrototypeGrid.uasset" 953
"C:/Users/Brad/Jones Dropbox/Brad Jones/PC/Desktop/ProjectRoguelite/Content/LevelPrototyping/Materials/M_PrototypeGrid.uexp" 954
"C:/Users/Brad/Jones Dropbox/Brad Jones/PC/Desktop/ProjectRoguelite/Content/LevelPrototyping/Materials/MI_PrototypeGrid_Gray.uasset" 955
"C:/Users/Brad/Jones Dropbox/Brad Jones/PC/Desktop/ProjectRoguelite/Content/LevelPrototyping/Materials/MI_PrototypeGrid_Gray.uexp" 956
"C:/Users/Brad/Jones Dropbox/Brad Jones/PC/Desktop/ProjectRoguelite/Content/LevelPrototyping/Meshes/SM_Ramp.ubulk" 957
"C:/Users/Brad/Jones Dropbox/Brad Jones/PC/Desktop/ProjectRoguelite/Content/LevelPrototyping/Meshes/SM_Ramp.uasset" 958
"C:/Users/Brad/Jones Dropbox/Brad Jones/PC/Desktop/ProjectRoguelite/Content/LevelPrototyping/Meshes/SM_Ramp.uexp" 959
"C:/Users/Brad/Jones Dropbox/Brad Jones/PC/Desktop/ProjectRoguelite/Content/LevelPrototyping/Meshes/SM_QuarterCylinder.ubulk" 960
"C:/Users/Brad/Jones Dropbox/Brad Jones/PC/Desktop/ProjectRoguelite/Content/LevelPrototyping/Meshes/SM_QuarterCylinder.uasset" 961
"C:/Users/Brad/Jones Dropbox/Brad Jones/PC/Desktop/ProjectRoguelite/Content/LevelPrototyping/Meshes/SM_QuarterCylinder.uexp" 962
"C:/Users/Brad/Jones Dropbox/Brad Jones/PC/Desktop/ProjectRoguelite/Content/LevelPrototyping/Meshes/SM_Cylinder.ubulk" 963
"C:/Users/Brad/Jones Dropbox/Brad Jones/PC/Desktop/ProjectRoguelite/Content/LevelPrototyping/Meshes/SM_Cylinder.uasset" 964
"C:/Users/Brad/Jones Dropbox/Brad Jones/PC/Desktop/ProjectRoguelite/Content/LevelPrototyping/Meshes/SM_Cylinder.uexp" 965
"C:/Users/Brad/Jones Dropbox/Brad Jones/PC/Desktop/ProjectRoguelite/Content/LevelPrototyping/Materials/M_Solid.uasset" 966
"C:/Users/Brad/Jones Dropbox/Brad Jones/PC/Desktop/ProjectRoguelite/Content/LevelPrototyping/Materials/M_Solid.uexp" 967
"C:/Users/Brad/Jones Dropbox/Brad Jones/PC/Desktop/ProjectRoguelite/Content/LevelPrototyping/Materials/MI_Solid_Blue.uasset" 968
"C:/Users/Brad/Jones Dropbox/Brad Jones/PC/Desktop/ProjectRoguelite/Content/LevelPrototyping/Materials/MI_Solid_Blue.uexp" 969
"C:/Users/Brad/Jones Dropbox/Brad Jones/PC/Desktop/ProjectRoguelite/Content/LevelPrototyping/Meshes/SM_ChamferCube.ubulk" 970
"C:/Users/Brad/Jones Dropbox/Brad Jones/PC/Desktop/ProjectRoguelite/Content/LevelPrototyping/Meshes/SM_ChamferCube.uasset" 971
"C:/Users/Brad/Jones Dropbox/Brad Jones/PC/Desktop/ProjectRoguelite/Content/LevelPrototyping/Meshes/SM_ChamferCube.uexp" 972
"C:/Users/Brad/Jones Dropbox/Brad Jones/PC/Desktop/ProjectRoguelite/Content/LevelPrototyping/Materials/MI_PrototypeGrid_TopDark.uasset" 973
"C:/Users/Brad/Jones Dropbox/Brad Jones/PC/Desktop/ProjectRoguelite/Content/LevelPrototyping/Materials/MI_PrototypeGrid_TopDark.uexp" 974
"C:/Users/Brad/Jones Dropbox/Brad Jones/PC/Desktop/ProjectRoguelite/Content/LevelPrototyping/Materials/MI_PrototypeGrid_Gray_02.uasset" 975
"C:/Users/Brad/Jones Dropbox/Brad Jones/PC/Desktop/ProjectRoguelite/Content/LevelPrototyping/Materials/MI_PrototypeGrid_Gray_02.uexp" 976
"C:/Users/Brad/Jones Dropbox/Brad Jones/PC/Desktop/ProjectRoguelite/Content/Assets/Weapons/BowAndArrow.ubulk" 977
"C:/Users/Brad/Jones Dropbox/Brad Jones/PC/Desktop/ProjectRoguelite/Content/Assets/Weapons/BowAndArrow.uasset" 978
"C:/Users/Brad/Jones Dropbox/Brad Jones/PC/Desktop/ProjectRoguelite/Content/Assets/Weapons/BowAndArrow.uexp" 979
"../../../Engine/Plugins/Interchange/Runtime/Content/gltf/MaterialFunctions/MF_RotateV2.uasset" 980
"../../../Engine/Plugins/Interchange/Runtime/Content/gltf/MaterialFunctions/MF_RotateV2.uexp" 981
"../../../Engine/Plugins/Interchange/Runtime/Content/gltf/MaterialFunctions/MF_TransformUVs.uasset" 982
"../../../Engine/Plugins/Interchange/Runtime/Content/gltf/MaterialFunctions/MF_TransformUVs.uexp" 983
"../../../Engine/Plugins/Interchange/Runtime/Content/gltf/Textures/T_White_srgb.uasset" 984
"../../../Engine/Plugins/Interchange/Runtime/Content/gltf/Textures/T_White_srgb.uexp" 985
"../../../Engine/Plugins/Interchange/Runtime/Content/gltf/MaterialFunctions/MF_BaseColor.uasset" 986
"../../../Engine/Plugins/Interchange/Runtime/Content/gltf/MaterialFunctions/MF_BaseColor.uexp" 987
"../../../Engine/Plugins/Interchange/Runtime/Content/gltf/MaterialBodies/MF_Unlit_Body.uasset" 988
"../../../Engine/Plugins/Interchange/Runtime/Content/gltf/MaterialBodies/MF_Unlit_Body.uexp" 989
"../../../Engine/Plugins/Interchange/Runtime/Content/gltf/M_Unlit.uasset" 990
"../../../Engine/Plugins/Interchange/Runtime/Content/gltf/M_Unlit.uexp" 991
"../../../Engine/Plugins/Interchange/Runtime/Content/gltf/MaterialInstances/MI_Unlit_Opaque_DS.uasset" 992
"../../../Engine/Plugins/Interchange/Runtime/Content/gltf/MaterialInstances/MI_Unlit_Opaque_DS.uexp" 993
"../../../Engine/Plugins/Interchange/Runtime/Content/gltf/MaterialInstances/MI_Unlit_Opaque.uasset" 994
"../../../Engine/Plugins/Interchange/Runtime/Content/gltf/MaterialInstances/MI_Unlit_Opaque.uexp" 995
"../../../Engine/Plugins/Interchange/Runtime/Content/gltf/MaterialInstances/MI_Unlit_Mask_DS.uasset" 996
"../../../Engine/Plugins/Interchange/Runtime/Content/gltf/MaterialInstances/MI_Unlit_Mask_DS.uexp" 997
"../../../Engine/Plugins/Interchange/Runtime/Content/gltf/MaterialInstances/MI_Unlit_Mask.uasset" 998
"../../../Engine/Plugins/Interchange/Runtime/Content/gltf/MaterialInstances/MI_Unlit_Mask.uexp" 999
"../../../Engine/Plugins/Interchange/Runtime/Content/gltf/MaterialInstances/MI_Unlit_Blend_DS.uasset" 1000
"../../../Engine/Plugins/Interchange/Runtime/Content/gltf/MaterialInstances/MI_Unlit_Blend_DS.uexp" 1001
"../../../Engine/Plugins/Interchange/Runtime/Content/gltf/MaterialInstances/MI_Unlit_Blend.uasset" 1002
"../../../Engine/Plugins/Interchange/Runtime/Content/gltf/MaterialInstances/MI_Unlit_Blend.uexp" 1003
"../../../Engine/Plugins/Interchange/Runtime/Content/gltf/MaterialFunctions/MF_Iridescence.uasset" 1004
"../../../Engine/Plugins/Interchange/Runtime/Content/gltf/MaterialFunctions/MF_Iridescence.uexp" 1005
"../../../Engine/Plugins/Interchange/Runtime/Content/gltf/Textures/T_White_Linear.uasset" 1006
"../../../Engine/Plugins/Interchange/Runtime/Content/gltf/Textures/T_White_Linear.uexp" 1007
"../../../Engine/Plugins/Interchange/Runtime/Content/gltf/MaterialFunctions/MF_MetallicRoughness.uasset" 1008
"../../../Engine/Plugins/Interchange/Runtime/Content/gltf/MaterialFunctions/MF_MetallicRoughness.uexp" 1009
"../../../Engine/Plugins/Interchange/Runtime/Content/gltf/MaterialFunctions/MF_Transmission.uasset" 1010
"../../../Engine/Plugins/Interchange/Runtime/Content/gltf/MaterialFunctions/MF_Transmission.uexp" 1011
"../../../Engine/Plugins/Interchange/Runtime/Content/gltf/MaterialFunctions/MF_Occlusion.uasset" 1012
"../../../Engine/Plugins/Interchange/Runtime/Content/gltf/MaterialFunctions/MF_Occlusion.uexp" 1013
"../../../Engine/Plugins/Interchange/Runtime/Content/gltf/MaterialFunctions/MF_Specular.uasset" 1014
"../../../Engine/Plugins/Interchange/Runtime/Content/gltf/MaterialFunctions/MF_Specular.uexp" 1015
"../../../Engine/Plugins/Interchange/Runtime/Content/gltf/MaterialFunctions/MF_IOR.uasset" 1016
"../../../Engine/Plugins/Interchange/Runtime/Content/gltf/MaterialFunctions/MF_IOR.uexp" 1017
"../../../Engine/Plugins/Interchange/Runtime/Content/gltf/MaterialFunctions/MF_RotateNormals_TS.uasset" 1018
"../../../Engine/Plugins/Interchange/Runtime/Content/gltf/MaterialFunctions/MF_RotateNormals_TS.uexp" 1019
"../../../Engine/Plugins/Interchange/Runtime/Content/gltf/Textures/T_Generic_N.uasset" 1020
"../../../Engine/Plugins/Interchange/Runtime/Content/gltf/Textures/T_Generic_N.uexp" 1021
"../../../Engine/Plugins/Interchange/Runtime/Content/gltf/MaterialFunctions/MF_Normals.uasset" 1022
"../../../Engine/Plugins/Interchange/Runtime/Content/gltf/MaterialFunctions/MF_Normals.uexp" 1023
"../../../Engine/Plugins/Interchange/Runtime/Content/gltf/MaterialBodies/MF_Transmission_Body.uasset" 1024
"../../../Engine/Plugins/Interchange/Runtime/Content/gltf/MaterialBodies/MF_Transmission_Body.uexp" 1025
"../../../Engine/Plugins/Interchange/Runtime/Content/gltf/M_Transmission.uasset" 1026
"../../../Engine/Plugins/Interchange/Runtime/Content/gltf/M_Transmission.uexp" 1027
"../../../Engine/Plugins/Interchange/Runtime/Content/gltf/MaterialInstances/MI_Transmission_DS.uasset" 1028
"../../../Engine/Plugins/Interchange/Runtime/Content/gltf/MaterialInstances/MI_Transmission_DS.uexp" 1029
"../../../Engine/Plugins/Interchange/Runtime/Content/gltf/MaterialInstances/MI_Transmission.uasset" 1030
"../../../Engine/Plugins/Interchange/Runtime/Content/gltf/MaterialInstances/MI_Transmission.uexp" 1031
"../../../Engine/Plugins/Interchange/Runtime/Content/gltf/MaterialFunctions/MF_DiffuseSpecGloss.uasset" 1032
"../../../Engine/Plugins/Interchange/Runtime/Content/gltf/MaterialFunctions/MF_DiffuseSpecGloss.uexp" 1033
"../../../Engine/Content/Functions/Engine_MaterialFunctions02/Math/AddComponents.uasset" 1034
"../../../Engine/Content/Functions/Engine_MaterialFunctions02/Math/AddComponents.uexp" 1035
"../../../Engine/Plugins/Interchange/Runtime/Content/gltf/MaterialFunctions/MF_PerceivedBrightness.uasset" 1036
"../../../Engine/Plugins/Interchange/Runtime/Content/gltf/MaterialFunctions/MF_PerceivedBrightness.uexp" 1037
"../../../Engine/Plugins/Interchange/Runtime/Content/gltf/MaterialFunctions/MF_Emissive.uasset" 1038
"../../../Engine/Plugins/Interchange/Runtime/Content/gltf/MaterialFunctions/MF_Emissive.uexp" 1039
"../../../Engine/Plugins/Interchange/Runtime/Content/gltf/MaterialFunctions/MF_SpecGlossToMetalRoughness.uasset" 1040
"../../../Engine/Plugins/Interchange/Runtime/Content/gltf/MaterialFunctions/MF_SpecGlossToMetalRoughness.uexp" 1041
"../../../Engine/Plugins/Interchange/Runtime/Content/gltf/MaterialBodies/MF_SpecularGlossiness_Body.uasset" 1042
"../../../Engine/Plugins/Interchange/Runtime/Content/gltf/MaterialBodies/MF_SpecularGlossiness_Body.uexp" 1043
"../../../Engine/Plugins/Interchange/Runtime/Content/gltf/M_SpecularGlossiness.uasset" 1044
"../../../Engine/Plugins/Interchange/Runtime/Content/gltf/M_SpecularGlossiness.uexp" 1045
"../../../Engine/Plugins/Interchange/Runtime/Content/gltf/MaterialInstances/MI_SpecularGlossiness_Opaque_DS.uasset" 1046
"../../../Engine/Plugins/Interchange/Runtime/Content/gltf/MaterialInstances/MI_SpecularGlossiness_Opaque_DS.uexp" 1047
"../../../Engine/Plugins/Interchange/Runtime/Content/gltf/MaterialInstances/MI_SpecularGlossiness_Opaque.uasset" 1048
"../../../Engine/Plugins/Interchange/Runtime/Content/gltf/MaterialInstances/MI_SpecularGlossiness_Opaque.uexp" 1049
"../../../Engine/Plugins/Interchange/Runtime/Content/gltf/MaterialInstances/MI_SpecularGlossiness_Mask_DS.uasset" 1050
"../../../Engine/Plugins/Interchange/Runtime/Content/gltf/MaterialInstances/MI_SpecularGlossiness_Mask_DS.uexp" 1051
"../../../Engine/Plugins/Interchange/Runtime/Content/gltf/MaterialInstances/MI_SpecularGlossiness_Mask.uasset" 1052
"../../../Engine/Plugins/Interchange/Runtime/Content/gltf/MaterialInstances/MI_SpecularGlossiness_Mask.uexp" 1053
"../../../Engine/Plugins/Interchange/Runtime/Content/gltf/MaterialInstances/MI_SpecularGlossiness_Blend_DS.uasset" 1054
"../../../Engine/Plugins/Interchange/Runtime/Content/gltf/MaterialInstances/MI_SpecularGlossiness_Blend_DS.uexp" 1055
"../../../Engine/Plugins/Interchange/Runtime/Content/gltf/MaterialInstances/MI_SpecularGlossiness_Blend.uasset" 1056
"../../../Engine/Plugins/Interchange/Runtime/Content/gltf/MaterialInstances/MI_SpecularGlossiness_Blend.uexp" 1057
"../../../Engine/Plugins/Interchange/Runtime/Content/gltf/MaterialFunctions/MF_Sheen.uasset" 1058
"../../../Engine/Plugins/Interchange/Runtime/Content/gltf/MaterialFunctions/MF_Sheen.uexp" 1059
"../../../Engine/Plugins/Interchange/Runtime/Content/gltf/MaterialBodies/MF_Sheen_Body.uasset" 1060
"../../../Engine/Plugins/Interchange/Runtime/Content/gltf/MaterialBodies/MF_Sheen_Body.uexp" 1061
"../../../Engine/Plugins/Interchange/Runtime/Content/gltf/M_Sheen.uasset" 1062
"../../../Engine/Plugins/Interchange/Runtime/Content/gltf/M_Sheen.uexp" 1063
"../../../Engine/Plugins/Interchange/Runtime/Content/gltf/MaterialInstances/MI_Sheen_Opaque_DS.uasset" 1064
"../../../Engine/Plugins/Interchange/Runtime/Content/gltf/MaterialInstances/MI_Sheen_Opaque_DS.uexp" 1065
"../../../Engine/Plugins/Interchange/Runtime/Content/gltf/MaterialInstances/MI_Sheen_Opaque.uasset" 1066
"../../../Engine/Plugins/Interchange/Runtime/Content/gltf/MaterialInstances/MI_Sheen_Opaque.uexp" 1067
"../../../Engine/Plugins/Interchange/Runtime/Content/gltf/MaterialInstances/MI_Sheen_Mask_DS.uasset" 1068
"../../../Engine/Plugins/Interchange/Runtime/Content/gltf/MaterialInstances/MI_Sheen_Mask_DS.uexp" 1069
"../../../Engine/Plugins/Interchange/Runtime/Content/gltf/MaterialInstances/MI_Sheen_Mask.uasset" 1070
"../../../Engine/Plugins/Interchange/Runtime/Content/gltf/MaterialInstances/MI_Sheen_Mask.uexp" 1071
"../../../Engine/Plugins/Interchange/Runtime/Content/gltf/MaterialInstances/MI_Sheen_Blend_DS.uasset" 1072
"../../../Engine/Plugins/Interchange/Runtime/Content/gltf/MaterialInstances/MI_Sheen_Blend_DS.uexp" 1073
"../../../Engine/Plugins/Interchange/Runtime/Content/gltf/MaterialInstances/MI_Sheen_Blend.uasset" 1074
"../../../Engine/Plugins/Interchange/Runtime/Content/gltf/MaterialInstances/MI_Sheen_Blend.uexp" 1075
"../../../Engine/Plugins/Interchange/Runtime/Content/gltf/MaterialBodies/MF_Default_Body.uasset" 1076
"../../../Engine/Plugins/Interchange/Runtime/Content/gltf/MaterialBodies/MF_Default_Body.uexp" 1077
"../../../Engine/Plugins/Interchange/Runtime/Content/gltf/M_Default.uasset" 1078
"../../../Engine/Plugins/Interchange/Runtime/Content/gltf/M_Default.uexp" 1079
"../../../Engine/Plugins/Interchange/Runtime/Content/gltf/MaterialInstances/MI_Default_Opaque_DS.uasset" 1080
"../../../Engine/Plugins/Interchange/Runtime/Content/gltf/MaterialInstances/MI_Default_Opaque_DS.uexp" 1081
"../../../Engine/Plugins/Interchange/Runtime/Content/gltf/MaterialInstances/MI_Default_Opaque.uasset" 1082
"../../../Engine/Plugins/Interchange/Runtime/Content/gltf/MaterialInstances/MI_Default_Opaque.uexp" 1083
"../../../Engine/Plugins/Interchange/Runtime/Content/gltf/MaterialInstances/MI_Default_Mask_DS.uasset" 1084
"../../../Engine/Plugins/Interchange/Runtime/Content/gltf/MaterialInstances/MI_Default_Mask_DS.uexp" 1085
"../../../Engine/Plugins/Interchange/Runtime/Content/gltf/MaterialInstances/MI_Default_Mask.uasset" 1086
"../../../Engine/Plugins/Interchange/Runtime/Content/gltf/MaterialInstances/MI_Default_Mask.uexp" 1087
"../../../Engine/Plugins/Interchange/Runtime/Content/gltf/MaterialInstances/MI_Default_Blend_DS.uasset" 1088
"../../../Engine/Plugins/Interchange/Runtime/Content/gltf/MaterialInstances/MI_Default_Blend_DS.uexp" 1089
"../../../Engine/Plugins/Interchange/Runtime/Content/gltf/MaterialInstances/MI_Default_Blend.uasset" 1090
"../../../Engine/Plugins/Interchange/Runtime/Content/gltf/MaterialInstances/MI_Default_Blend.uexp" 1091
"../../../Engine/Content/Functions/Engine_MaterialFunctions01/Texturing/FlattenNormal.uasset" 1092
"../../../Engine/Content/Functions/Engine_MaterialFunctions01/Texturing/FlattenNormal.uexp" 1093
"../../../Engine/Plugins/Interchange/Runtime/Content/gltf/MaterialFunctions/MF_Clearcoat.uasset" 1094
"../../../Engine/Plugins/Interchange/Runtime/Content/gltf/MaterialFunctions/MF_Clearcoat.uexp" 1095
"../../../Engine/Plugins/Interchange/Runtime/Content/gltf/MaterialBodies/MF_ClearCoat_Body.uasset" 1096
"../../../Engine/Plugins/Interchange/Runtime/Content/gltf/MaterialBodies/MF_ClearCoat_Body.uexp" 1097
"../../../Engine/Plugins/Interchange/Runtime/Content/gltf/M_ClearCoat.uasset" 1098
"../../../Engine/Plugins/Interchange/Runtime/Content/gltf/M_ClearCoat.uexp" 1099
"../../../Engine/Plugins/Interchange/Runtime/Content/gltf/MaterialInstances/MI_ClearCoat_Opaque_DS.uasset" 1100
"../../../Engine/Plugins/Interchange/Runtime/Content/gltf/MaterialInstances/MI_ClearCoat_Opaque_DS.uexp" 1101
"../../../Engine/Plugins/Interchange/Runtime/Content/gltf/MaterialInstances/MI_ClearCoat_Opaque.uasset" 1102
"../../../Engine/Plugins/Interchange/Runtime/Content/gltf/MaterialInstances/MI_ClearCoat_Opaque.uexp" 1103
"../../../Engine/Plugins/Interchange/Runtime/Content/gltf/MaterialInstances/MI_ClearCoat_Mask_DS.uasset" 1104
"../../../Engine/Plugins/Interchange/Runtime/Content/gltf/MaterialInstances/MI_ClearCoat_Mask_DS.uexp" 1105
"../../../Engine/Plugins/Interchange/Runtime/Content/gltf/MaterialInstances/MI_ClearCoat_Mask.uasset" 1106
"../../../Engine/Plugins/Interchange/Runtime/Content/gltf/MaterialInstances/MI_ClearCoat_Mask.uexp" 1107
"../../../Engine/Plugins/Interchange/Runtime/Content/gltf/MaterialInstances/MI_ClearCoat_Blend_DS.uasset" 1108
"../../../Engine/Plugins/Interchange/Runtime/Content/gltf/MaterialInstances/MI_ClearCoat_Blend_DS.uexp" 1109
"../../../Engine/Plugins/Interchange/Runtime/Content/gltf/MaterialInstances/MI_ClearCoat_Blend.uasset" 1110
"../../../Engine/Plugins/Interchange/Runtime/Content/gltf/MaterialInstances/MI_ClearCoat_Blend.uexp" 1111
"../../../Engine/Content/MobileResources/HUD/VirtualJoystick_Background.uasset" 1112
"../../../Engine/Content/MobileResources/HUD/VirtualJoystick_Background.uexp" 1113
"../../../Engine/Content/MobileResources/HUD/VirtualJoystick_Thumb.uasset" 1114
"../../../Engine/Content/MobileResources/HUD/VirtualJoystick_Thumb.uexp" 1115
"../../../Engine/Content/MobileResources/HUD/DefaultVirtualJoysticks.uasset" 1116
"../../../Engine/Content/MobileResources/HUD/DefaultVirtualJoysticks.uexp" 1117
"../../../Engine/Content/EngineSky/VolumetricClouds/CloudWeatherTexture.uasset" 1118
"../../../Engine/Content/EngineSky/VolumetricClouds/CloudWeatherTexture.uexp" 1119
"../../../Engine/Content/Functions/Engine_MaterialFunctions02/Utility/MakeFloat2.uasset" 1120
"../../../Engine/Content/Functions/Engine_MaterialFunctions02/Utility/MakeFloat2.uexp" 1121
"../../../Engine/Content/EngineSky/VolumetricClouds/CloudGradientTexture.uasset" 1122
"../../../Engine/Content/EngineSky/VolumetricClouds/CloudGradientTexture.uexp" 1123
"../../../Engine/Content/EngineSky/VolumetricClouds/T_NoiseShape64.ubulk" 1124
"../../../Engine/Content/EngineSky/VolumetricClouds/T_NoiseShape64.uasset" 1125
"../../../Engine/Content/EngineSky/VolumetricClouds/T_NoiseShape64.uexp" 1126
"../../../Engine/Content/EngineSky/VolumetricClouds/T_VolumeNoiseShape64.uasset" 1127
"../../../Engine/Content/EngineSky/VolumetricClouds/T_VolumeNoiseShape64.uexp" 1128
"../../../Engine/Content/EngineSky/VolumetricClouds/T_NoiseErosion.ubulk" 1129
"../../../Engine/Content/EngineSky/VolumetricClouds/T_NoiseErosion.uasset" 1130
"../../../Engine/Content/EngineSky/VolumetricClouds/T_NoiseErosion.uexp" 1131
"../../../Engine/Content/EngineSky/VolumetricClouds/T_VolumeNoiseErosion32.uasset" 1132
"../../../Engine/Content/EngineSky/VolumetricClouds/T_VolumeNoiseErosion32.uexp" 1133
"../../../Engine/Content/EngineSky/VolumetricClouds/m_SimpleVolumetricCloud.uasset" 1134
"../../../Engine/Content/EngineSky/VolumetricClouds/m_SimpleVolumetricCloud.uexp" 1135
"../../../Engine/Content/EngineSky/VolumetricClouds/m_SimpleVolumetricCloud_Inst.uasset" 1136
"../../../Engine/Content/EngineSky/VolumetricClouds/m_SimpleVolumetricCloud_Inst.uexp" 1137
"../../../Engine/Content/EngineResources/FilmGrains/Marcie_Grain_v3_128_M2_000.uasset" 1138
"../../../Engine/Content/EngineResources/FilmGrains/Marcie_Grain_v3_128_M2_000.uexp" 1139
"../../../Engine/Content/EditorResources/SequenceRecorder/RecordingIndicator.uasset" 1140
"../../../Engine/Content/EditorResources/SequenceRecorder/RecordingIndicator.uexp" 1141
"../../../Engine/Content/EditorResources/SequenceRecorder/Countdown.uasset" 1142
"../../../Engine/Content/EditorResources/SequenceRecorder/Countdown.uexp" 1143
"../../../Engine/Content/EditorMaterials/Dataflow/DataflowVertexMaterial.uasset" 1144
"../../../Engine/Content/EditorMaterials/Dataflow/DataflowVertexMaterial.uexp" 1145
"C:/Users/Brad/Jones Dropbox/Brad Jones/PC/Desktop/ProjectRoguelite/Content/Characters/Mannequin_UE4/Rigs/RTG_UE5Manny_UE4Manny.uasset" 1146
"C:/Users/Brad/Jones Dropbox/Brad Jones/PC/Desktop/ProjectRoguelite/Content/Characters/Mannequin_UE4/Rigs/RTG_UE5Manny_UE4Manny.uexp" 1147
"C:/Users/Brad/Jones Dropbox/Brad Jones/PC/Desktop/ProjectRoguelite/Content/Characters/Mannequin_UE4/Rigs/RTG_UE4Manny_UE5Manny.uasset" 1148
"C:/Users/Brad/Jones Dropbox/Brad Jones/PC/Desktop/ProjectRoguelite/Content/Characters/Mannequin_UE4/Rigs/RTG_UE4Manny_UE5Manny.uexp" 1149
"C:/Users/Brad/Jones Dropbox/Brad Jones/PC/Desktop/ProjectRoguelite/Content/Characters/Mannequin_UE4/Rigs/IK_UE4_Mannequin.uasset" 1150
"C:/Users/Brad/Jones Dropbox/Brad Jones/PC/Desktop/ProjectRoguelite/Content/Characters/Mannequin_UE4/Rigs/IK_UE4_Mannequin.uexp" 1151
"../../../Engine/Content/Animation/DefaultAnimCurveCompressionSettings.uasset" 1152
"../../../Engine/Content/Animation/DefaultAnimCurveCompressionSettings.uexp" 1153
"../../../Engine/Content/Animation/DefaultAnimBoneCompressionSettings.uasset" 1154
"../../../Engine/Content/Animation/DefaultAnimBoneCompressionSettings.uexp" 1155
"C:/Users/Brad/Jones Dropbox/Brad Jones/PC/Desktop/ProjectRoguelite/Content/Characters/Mannequin_UE4/Animations/Jog_Fwd.uasset" 1156
"C:/Users/Brad/Jones Dropbox/Brad Jones/PC/Desktop/ProjectRoguelite/Content/Characters/Mannequin_UE4/Animations/Jog_Fwd.uexp" 1157
"C:/Users/Brad/Jones Dropbox/Brad Jones/PC/Desktop/ProjectRoguelite/Content/Characters/Mannequins/Rigs/RTG_Mannequin.uasset" 1158
"C:/Users/Brad/Jones Dropbox/Brad Jones/PC/Desktop/ProjectRoguelite/Content/Characters/Mannequins/Rigs/RTG_Mannequin.uexp" 1159
"C:/Users/Brad/Jones Dropbox/Brad Jones/PC/Desktop/ProjectRoguelite/Content/Characters/Mannequins/Rigs/IK_Mannequin.uasset" 1160
"C:/Users/Brad/Jones Dropbox/Brad Jones/PC/Desktop/ProjectRoguelite/Content/Characters/Mannequins/Rigs/IK_Mannequin.uexp" 1161
"../../../Engine/Plugins/Animation/ControlRig/Content/Controls/DefaultGizmoLibraryNormalized.uasset" 1162
"../../../Engine/Plugins/Animation/ControlRig/Content/Controls/DefaultGizmoLibraryNormalized.uexp" 1163
"C:/Users/Brad/Jones Dropbox/Brad Jones/PC/Desktop/ProjectRoguelite/Content/Characters/Mannequins/Rigs/CR_Mannequin_Body.uasset" 1164
"C:/Users/Brad/Jones Dropbox/Brad Jones/PC/Desktop/ProjectRoguelite/Content/Characters/Mannequins/Rigs/CR_Mannequin_Body.uexp" 1165
"C:/Users/Brad/Jones Dropbox/Brad Jones/PC/Desktop/ProjectRoguelite/Content/Characters/Mannequins/Meshes/SK_Mannequin.uasset" 1166
"C:/Users/Brad/Jones Dropbox/Brad Jones/PC/Desktop/ProjectRoguelite/Content/Characters/Mannequins/Meshes/SK_Mannequin.uexp" 1167
"C:/Users/Brad/Jones Dropbox/Brad Jones/PC/Desktop/ProjectRoguelite/Content/Characters/Mannequins/Textures/Quinn/T_Quinn_02ID_MSR_MSK.ubulk" 1168
"C:/Users/Brad/Jones Dropbox/Brad Jones/PC/Desktop/ProjectRoguelite/Content/Characters/Mannequins/Textures/Quinn/T_Quinn_02ID_MSR_MSK.uasset" 1169
"C:/Users/Brad/Jones Dropbox/Brad Jones/PC/Desktop/ProjectRoguelite/Content/Characters/Mannequins/Textures/Quinn/T_Quinn_02ID_MSR_MSK.uexp" 1170
"C:/Users/Brad/Jones Dropbox/Brad Jones/PC/Desktop/ProjectRoguelite/Content/Characters/Mannequins/Textures/Quinn/T_Quinn_02ID_BN.ubulk" 1171
"C:/Users/Brad/Jones Dropbox/Brad Jones/PC/Desktop/ProjectRoguelite/Content/Characters/Mannequins/Textures/Quinn/T_Quinn_02ID_BN.uasset" 1172
"C:/Users/Brad/Jones Dropbox/Brad Jones/PC/Desktop/ProjectRoguelite/Content/Characters/Mannequins/Textures/Quinn/T_Quinn_02ID_BN.uexp" 1173
"C:/Users/Brad/Jones Dropbox/Brad Jones/PC/Desktop/ProjectRoguelite/Content/Characters/Mannequins/Textures/Quinn/T_Quinn_02_ASAOMASK_MSK.ubulk" 1174
"C:/Users/Brad/Jones Dropbox/Brad Jones/PC/Desktop/ProjectRoguelite/Content/Characters/Mannequins/Textures/Quinn/T_Quinn_02_ASAOMASK_MSK.uasset" 1175
"C:/Users/Brad/Jones Dropbox/Brad Jones/PC/Desktop/ProjectRoguelite/Content/Characters/Mannequins/Textures/Quinn/T_Quinn_02_ASAOMASK_MSK.uexp" 1176
"C:/Users/Brad/Jones Dropbox/Brad Jones/PC/Desktop/ProjectRoguelite/Content/Characters/Mannequins/Textures/Quinn/T_Quinn_02_CCRCCPlastic_MSK.ubulk" 1177
"C:/Users/Brad/Jones Dropbox/Brad Jones/PC/Desktop/ProjectRoguelite/Content/Characters/Mannequins/Textures/Quinn/T_Quinn_02_CCRCCPlastic_MSK.uasset" 1178
"C:/Users/Brad/Jones Dropbox/Brad Jones/PC/Desktop/ProjectRoguelite/Content/Characters/Mannequins/Textures/Quinn/T_Quinn_02_CCRCCPlastic_MSK.uexp" 1179
"C:/Users/Brad/Jones Dropbox/Brad Jones/PC/Desktop/ProjectRoguelite/Content/Characters/Mannequins/Textures/Quinn/T_Quinn_02ID_Tan.ubulk" 1180
"C:/Users/Brad/Jones Dropbox/Brad Jones/PC/Desktop/ProjectRoguelite/Content/Characters/Mannequins/Textures/Quinn/T_Quinn_02ID_Tan.uasset" 1181
"C:/Users/Brad/Jones Dropbox/Brad Jones/PC/Desktop/ProjectRoguelite/Content/Characters/Mannequins/Textures/Quinn/T_Quinn_02ID_Tan.uexp" 1182
"C:/Users/Brad/Jones Dropbox/Brad Jones/PC/Desktop/ProjectRoguelite/Content/Characters/Mannequins/Textures/Quinn/T_Quinn_02ID_D.ubulk" 1183
"C:/Users/Brad/Jones Dropbox/Brad Jones/PC/Desktop/ProjectRoguelite/Content/Characters/Mannequins/Textures/Quinn/T_Quinn_02ID_D.uasset" 1184
"C:/Users/Brad/Jones Dropbox/Brad Jones/PC/Desktop/ProjectRoguelite/Content/Characters/Mannequins/Textures/Quinn/T_Quinn_02ID_D.uexp" 1185
"C:/Users/Brad/Jones Dropbox/Brad Jones/PC/Desktop/ProjectRoguelite/Content/Characters/Mannequins/Textures/Quinn/T_Quinn_01ID_MSR_MSK.ubulk" 1186
"C:/Users/Brad/Jones Dropbox/Brad Jones/PC/Desktop/ProjectRoguelite/Content/Characters/Mannequins/Textures/Quinn/T_Quinn_01ID_MSR_MSK.uasset" 1187
"C:/Users/Brad/Jones Dropbox/Brad Jones/PC/Desktop/ProjectRoguelite/Content/Characters/Mannequins/Textures/Quinn/T_Quinn_01ID_MSR_MSK.uexp" 1188
"C:/Users/Brad/Jones Dropbox/Brad Jones/PC/Desktop/ProjectRoguelite/Content/Characters/Mannequins/Materials/Functions/ChromaticCurve.uasset" 1189
"C:/Users/Brad/Jones Dropbox/Brad Jones/PC/Desktop/ProjectRoguelite/Content/Characters/Mannequins/Materials/Functions/ChromaticCurve.uexp" 1190
"C:/Users/Brad/Jones Dropbox/Brad Jones/PC/Desktop/ProjectRoguelite/Content/Characters/Mannequins/Materials/Functions/CA_Mannequin.uasset" 1191
"C:/Users/Brad/Jones Dropbox/Brad Jones/PC/Desktop/ProjectRoguelite/Content/Characters/Mannequins/Materials/Functions/CA_Mannequin.uexp" 1192
"C:/Users/Brad/Jones Dropbox/Brad Jones/PC/Desktop/ProjectRoguelite/Content/Characters/Mannequins/Materials/Functions/MF_Diffraction.uasset" 1193
"C:/Users/Brad/Jones Dropbox/Brad Jones/PC/Desktop/ProjectRoguelite/Content/Characters/Mannequins/Materials/Functions/MF_Diffraction.uexp" 1194
"C:/Users/Brad/Jones Dropbox/Brad Jones/PC/Desktop/ProjectRoguelite/Content/Characters/Mannequins/Textures/Manny/T_Manny_01_N.ubulk" 1195
"C:/Users/Brad/Jones Dropbox/Brad Jones/PC/Desktop/ProjectRoguelite/Content/Characters/Mannequins/Textures/Manny/T_Manny_01_N.uasset" 1196
"C:/Users/Brad/Jones Dropbox/Brad Jones/PC/Desktop/ProjectRoguelite/Content/Characters/Mannequins/Textures/Manny/T_Manny_01_N.uexp" 1197
"C:/Users/Brad/Jones Dropbox/Brad Jones/PC/Desktop/ProjectRoguelite/Content/Characters/Mannequins/Materials/Functions/ML_BaseColorFallOff.uasset" 1198
"C:/Users/Brad/Jones Dropbox/Brad Jones/PC/Desktop/ProjectRoguelite/Content/Characters/Mannequins/Materials/Functions/ML_BaseColorFallOff.uexp" 1199
"../../../Engine/Content/Functions/Engine_MaterialFunctions01/Texturing/ScaleUVsByCenter.uasset" 1200
"../../../Engine/Content/Functions/Engine_MaterialFunctions01/Texturing/ScaleUVsByCenter.uexp" 1201
"C:/Users/Brad/Jones Dropbox/Brad Jones/PC/Desktop/ProjectRoguelite/Content/Characters/Mannequins/Textures/Shared/T_UE_Logo_M.uasset" 1202
"C:/Users/Brad/Jones Dropbox/Brad Jones/PC/Desktop/ProjectRoguelite/Content/Characters/Mannequins/Textures/Shared/T_UE_Logo_M.uexp" 1203
"C:/Users/Brad/Jones Dropbox/Brad Jones/PC/Desktop/ProjectRoguelite/Content/Characters/Mannequins/Materials/Functions/MF_logo3layers.uasset" 1204
"C:/Users/Brad/Jones Dropbox/Brad Jones/PC/Desktop/ProjectRoguelite/Content/Characters/Mannequins/Materials/Functions/MF_logo3layers.uexp" 1205
"C:/Users/Brad/Jones Dropbox/Brad Jones/PC/Desktop/ProjectRoguelite/Content/Characters/Mannequins/Textures/Manny/T_Manny_01_CCRCCPlastic_MSK.ubulk" 1206
"C:/Users/Brad/Jones Dropbox/Brad Jones/PC/Desktop/ProjectRoguelite/Content/Characters/Mannequins/Textures/Manny/T_Manny_01_CCRCCPlastic_MSK.uasset" 1207
"C:/Users/Brad/Jones Dropbox/Brad Jones/PC/Desktop/ProjectRoguelite/Content/Characters/Mannequins/Textures/Manny/T_Manny_01_CCRCCPlastic_MSK.uexp" 1208
"C:/Users/Brad/Jones Dropbox/Brad Jones/PC/Desktop/ProjectRoguelite/Content/Characters/Mannequins/Textures/Manny/T_Manny_01_ASAOPMASK_MSK.ubulk" 1209
"C:/Users/Brad/Jones Dropbox/Brad Jones/PC/Desktop/ProjectRoguelite/Content/Characters/Mannequins/Textures/Manny/T_Manny_01_ASAOPMASK_MSK.uasset" 1210
"C:/Users/Brad/Jones Dropbox/Brad Jones/PC/Desktop/ProjectRoguelite/Content/Characters/Mannequins/Textures/Manny/T_Manny_01_ASAOPMASK_MSK.uexp" 1211
"C:/Users/Brad/Jones Dropbox/Brad Jones/PC/Desktop/ProjectRoguelite/Content/Characters/Mannequins/Textures/Manny/T_Manny_01_MSR_MSK.ubulk" 1212
"C:/Users/Brad/Jones Dropbox/Brad Jones/PC/Desktop/ProjectRoguelite/Content/Characters/Mannequins/Textures/Manny/T_Manny_01_MSR_MSK.uasset" 1213
"C:/Users/Brad/Jones Dropbox/Brad Jones/PC/Desktop/ProjectRoguelite/Content/Characters/Mannequins/Textures/Manny/T_Manny_01_MSR_MSK.uexp" 1214
"C:/Users/Brad/Jones Dropbox/Brad Jones/PC/Desktop/ProjectRoguelite/Content/Characters/Mannequins/Textures/Manny/T_Manny_01_BN.ubulk" 1215
"C:/Users/Brad/Jones Dropbox/Brad Jones/PC/Desktop/ProjectRoguelite/Content/Characters/Mannequins/Textures/Manny/T_Manny_01_BN.uasset" 1216
"C:/Users/Brad/Jones Dropbox/Brad Jones/PC/Desktop/ProjectRoguelite/Content/Characters/Mannequins/Textures/Manny/T_Manny_01_BN.uexp" 1217
"C:/Users/Brad/Jones Dropbox/Brad Jones/PC/Desktop/ProjectRoguelite/Content/Characters/Mannequins/Textures/Manny/T_Manny_01_D.ubulk" 1218
"C:/Users/Brad/Jones Dropbox/Brad Jones/PC/Desktop/ProjectRoguelite/Content/Characters/Mannequins/Textures/Manny/T_Manny_01_D.uasset" 1219
"C:/Users/Brad/Jones Dropbox/Brad Jones/PC/Desktop/ProjectRoguelite/Content/Characters/Mannequins/Textures/Manny/T_Manny_01_D.uexp" 1220
"C:/Users/Brad/Jones Dropbox/Brad Jones/PC/Desktop/ProjectRoguelite/Content/Characters/Mannequins/Textures/Manny/T_Manny_01_Tan.ubulk" 1221
"C:/Users/Brad/Jones Dropbox/Brad Jones/PC/Desktop/ProjectRoguelite/Content/Characters/Mannequins/Textures/Manny/T_Manny_01_Tan.uasset" 1222
"C:/Users/Brad/Jones Dropbox/Brad Jones/PC/Desktop/ProjectRoguelite/Content/Characters/Mannequins/Textures/Manny/T_Manny_01_Tan.uexp" 1223
"C:/Users/Brad/Jones Dropbox/Brad Jones/PC/Desktop/ProjectRoguelite/Content/Characters/Mannequins/Materials/M_Mannequin.uasset" 1224
"C:/Users/Brad/Jones Dropbox/Brad Jones/PC/Desktop/ProjectRoguelite/Content/Characters/Mannequins/Materials/M_Mannequin.uexp" 1225
"C:/Users/Brad/Jones Dropbox/Brad Jones/PC/Desktop/ProjectRoguelite/Content/Characters/Mannequins/Textures/Quinn/T_Quinn_01_ASAOMASK_MSK.ubulk" 1226
"C:/Users/Brad/Jones Dropbox/Brad Jones/PC/Desktop/ProjectRoguelite/Content/Characters/Mannequins/Textures/Quinn/T_Quinn_01_ASAOMASK_MSK.uasset" 1227
"C:/Users/Brad/Jones Dropbox/Brad Jones/PC/Desktop/ProjectRoguelite/Content/Characters/Mannequins/Textures/Quinn/T_Quinn_01_ASAOMASK_MSK.uexp" 1228
"C:/Users/Brad/Jones Dropbox/Brad Jones/PC/Desktop/ProjectRoguelite/Content/Characters/Mannequins/Textures/Quinn/T_Quinn_01ID_N.ubulk" 1229
"C:/Users/Brad/Jones Dropbox/Brad Jones/PC/Desktop/ProjectRoguelite/Content/Characters/Mannequins/Textures/Quinn/T_Quinn_01ID_N.uasset" 1230
"C:/Users/Brad/Jones Dropbox/Brad Jones/PC/Desktop/ProjectRoguelite/Content/Characters/Mannequins/Textures/Quinn/T_Quinn_01ID_N.uexp" 1231
"C:/Users/Brad/Jones Dropbox/Brad Jones/PC/Desktop/ProjectRoguelite/Content/Characters/Mannequins/Textures/Quinn/T_Quinn_01ID_BN.ubulk" 1232
"C:/Users/Brad/Jones Dropbox/Brad Jones/PC/Desktop/ProjectRoguelite/Content/Characters/Mannequins/Textures/Quinn/T_Quinn_01ID_BN.uasset" 1233
"C:/Users/Brad/Jones Dropbox/Brad Jones/PC/Desktop/ProjectRoguelite/Content/Characters/Mannequins/Textures/Quinn/T_Quinn_01ID_BN.uexp" 1234
"C:/Users/Brad/Jones Dropbox/Brad Jones/PC/Desktop/ProjectRoguelite/Content/Characters/Mannequins/Textures/Quinn/T_Quinn_01ID_D.ubulk" 1235
"C:/Users/Brad/Jones Dropbox/Brad Jones/PC/Desktop/ProjectRoguelite/Content/Characters/Mannequins/Textures/Quinn/T_Quinn_01ID_D.uasset" 1236
"C:/Users/Brad/Jones Dropbox/Brad Jones/PC/Desktop/ProjectRoguelite/Content/Characters/Mannequins/Textures/Quinn/T_Quinn_01ID_D.uexp" 1237
"C:/Users/Brad/Jones Dropbox/Brad Jones/PC/Desktop/ProjectRoguelite/Content/Characters/Mannequins/Textures/Quinn/T_Quinn_01ID_Tan.ubulk" 1238
"C:/Users/Brad/Jones Dropbox/Brad Jones/PC/Desktop/ProjectRoguelite/Content/Characters/Mannequins/Textures/Quinn/T_Quinn_01ID_Tan.uasset" 1239
"C:/Users/Brad/Jones Dropbox/Brad Jones/PC/Desktop/ProjectRoguelite/Content/Characters/Mannequins/Textures/Quinn/T_Quinn_01ID_Tan.uexp" 1240
"C:/Users/Brad/Jones Dropbox/Brad Jones/PC/Desktop/ProjectRoguelite/Content/Characters/Mannequins/Textures/Quinn/T_Quinn_01_CCRCCPlastic_MSK.ubulk" 1241
"C:/Users/Brad/Jones Dropbox/Brad Jones/PC/Desktop/ProjectRoguelite/Content/Characters/Mannequins/Textures/Quinn/T_Quinn_01_CCRCCPlastic_MSK.uasset" 1242
"C:/Users/Brad/Jones Dropbox/Brad Jones/PC/Desktop/ProjectRoguelite/Content/Characters/Mannequins/Textures/Quinn/T_Quinn_01_CCRCCPlastic_MSK.uexp" 1243
"C:/Users/Brad/Jones Dropbox/Brad Jones/PC/Desktop/ProjectRoguelite/Content/Characters/Mannequins/Materials/Instances/Quinn/MI_Quinn_01.uasset" 1244
"C:/Users/Brad/Jones Dropbox/Brad Jones/PC/Desktop/ProjectRoguelite/Content/Characters/Mannequins/Materials/Instances/Quinn/MI_Quinn_01.uexp" 1245
"C:/Users/Brad/Jones Dropbox/Brad Jones/PC/Desktop/ProjectRoguelite/Content/Characters/Mannequins/Textures/Quinn/T_Quinn_02ID_N.ubulk" 1246
"C:/Users/Brad/Jones Dropbox/Brad Jones/PC/Desktop/ProjectRoguelite/Content/Characters/Mannequins/Textures/Quinn/T_Quinn_02ID_N.uasset" 1247
"C:/Users/Brad/Jones Dropbox/Brad Jones/PC/Desktop/ProjectRoguelite/Content/Characters/Mannequins/Textures/Quinn/T_Quinn_02ID_N.uexp" 1248
"C:/Users/Brad/Jones Dropbox/Brad Jones/PC/Desktop/ProjectRoguelite/Content/Characters/Mannequins/Materials/Instances/Quinn/MI_Quinn_02.uasset" 1249
"C:/Users/Brad/Jones Dropbox/Brad Jones/PC/Desktop/ProjectRoguelite/Content/Characters/Mannequins/Materials/Instances/Quinn/MI_Quinn_02.uexp" 1250
"C:/Users/Brad/Jones Dropbox/Brad Jones/PC/Desktop/ProjectRoguelite/Content/Characters/Mannequins/Rigs/PA_Mannequin.uasset" 1251
"C:/Users/Brad/Jones Dropbox/Brad Jones/PC/Desktop/ProjectRoguelite/Content/Characters/Mannequins/Rigs/PA_Mannequin.uexp" 1252
"C:/Users/Brad/Jones Dropbox/Brad Jones/PC/Desktop/ProjectRoguelite/Content/Characters/Mannequins/Meshes/SKM_Quinn_Simple.uasset" 1253
"C:/Users/Brad/Jones Dropbox/Brad Jones/PC/Desktop/ProjectRoguelite/Content/Characters/Mannequins/Meshes/SKM_Quinn_Simple.uexp" 1254
"C:/Users/Brad/Jones Dropbox/Brad Jones/PC/Desktop/ProjectRoguelite/Content/Characters/Mannequins/Rigs/Poses/Quinn/Quinn_foot_l_anim.uasset" 1255
"C:/Users/Brad/Jones Dropbox/Brad Jones/PC/Desktop/ProjectRoguelite/Content/Characters/Mannequins/Rigs/Poses/Quinn/Quinn_foot_l_anim.uexp" 1256
"C:/Users/Brad/Jones Dropbox/Brad Jones/PC/Desktop/ProjectRoguelite/Content/Characters/Mannequins/Rigs/Poses/Quinn/Quinn_foot_l_pose.uasset" 1257
"C:/Users/Brad/Jones Dropbox/Brad Jones/PC/Desktop/ProjectRoguelite/Content/Characters/Mannequins/Rigs/Poses/Quinn/Quinn_foot_l_pose.uexp" 1258
"C:/Users/Brad/Jones Dropbox/Brad Jones/PC/Desktop/ProjectRoguelite/Content/Characters/Mannequins/Rigs/Poses/Quinn/Quinn_clavicle_l_anim.uasset" 1259
"C:/Users/Brad/Jones Dropbox/Brad Jones/PC/Desktop/ProjectRoguelite/Content/Characters/Mannequins/Rigs/Poses/Quinn/Quinn_clavicle_l_anim.uexp" 1260
"C:/Users/Brad/Jones Dropbox/Brad Jones/PC/Desktop/ProjectRoguelite/Content/Characters/Mannequins/Rigs/Poses/Quinn/Quinn_clavicle_l_pose.uasset" 1261
"C:/Users/Brad/Jones Dropbox/Brad Jones/PC/Desktop/ProjectRoguelite/Content/Characters/Mannequins/Rigs/Poses/Quinn/Quinn_clavicle_l_pose.uexp" 1262
"C:/Users/Brad/Jones Dropbox/Brad Jones/PC/Desktop/ProjectRoguelite/Content/Characters/Mannequins/Rigs/Poses/Quinn/Quinn_clavicle_r_anim.uasset" 1263
"C:/Users/Brad/Jones Dropbox/Brad Jones/PC/Desktop/ProjectRoguelite/Content/Characters/Mannequins/Rigs/Poses/Quinn/Quinn_clavicle_r_anim.uexp" 1264
"C:/Users/Brad/Jones Dropbox/Brad Jones/PC/Desktop/ProjectRoguelite/Content/Characters/Mannequins/Rigs/Poses/Quinn/Quinn_clavicle_r_pose.uasset" 1265
"C:/Users/Brad/Jones Dropbox/Brad Jones/PC/Desktop/ProjectRoguelite/Content/Characters/Mannequins/Rigs/Poses/Quinn/Quinn_clavicle_r_pose.uexp" 1266
"C:/Users/Brad/Jones Dropbox/Brad Jones/PC/Desktop/ProjectRoguelite/Content/Characters/Mannequins/Rigs/Poses/Quinn/Quinn_upperarm_l_anim.uasset" 1267
"C:/Users/Brad/Jones Dropbox/Brad Jones/PC/Desktop/ProjectRoguelite/Content/Characters/Mannequins/Rigs/Poses/Quinn/Quinn_upperarm_l_anim.uexp" 1268
"C:/Users/Brad/Jones Dropbox/Brad Jones/PC/Desktop/ProjectRoguelite/Content/Characters/Mannequins/Rigs/Poses/Quinn/Quinn_upperarm_l_pose.uasset" 1269
"C:/Users/Brad/Jones Dropbox/Brad Jones/PC/Desktop/ProjectRoguelite/Content/Characters/Mannequins/Rigs/Poses/Quinn/Quinn_upperarm_l_pose.uexp" 1270
"C:/Users/Brad/Jones Dropbox/Brad Jones/PC/Desktop/ProjectRoguelite/Content/Characters/Mannequins/Rigs/Poses/Quinn/Quinn_lowerarm_l_anim.uasset" 1271
"C:/Users/Brad/Jones Dropbox/Brad Jones/PC/Desktop/ProjectRoguelite/Content/Characters/Mannequins/Rigs/Poses/Quinn/Quinn_lowerarm_l_anim.uexp" 1272
"C:/Users/Brad/Jones Dropbox/Brad Jones/PC/Desktop/ProjectRoguelite/Content/Characters/Mannequins/Rigs/Poses/Quinn/Quinn_lowerarm_l_pose.uasset" 1273
"C:/Users/Brad/Jones Dropbox/Brad Jones/PC/Desktop/ProjectRoguelite/Content/Characters/Mannequins/Rigs/Poses/Quinn/Quinn_lowerarm_l_pose.uexp" 1274
"C:/Users/Brad/Jones Dropbox/Brad Jones/PC/Desktop/ProjectRoguelite/Content/Characters/Mannequins/Rigs/Poses/Quinn/Quinn_calf_l_anim.uasset" 1275
"C:/Users/Brad/Jones Dropbox/Brad Jones/PC/Desktop/ProjectRoguelite/Content/Characters/Mannequins/Rigs/Poses/Quinn/Quinn_calf_l_anim.uexp" 1276
"C:/Users/Brad/Jones Dropbox/Brad Jones/PC/Desktop/ProjectRoguelite/Content/Characters/Mannequins/Rigs/Poses/Quinn/Quinn_calf_l_pose.uasset" 1277
"C:/Users/Brad/Jones Dropbox/Brad Jones/PC/Desktop/ProjectRoguelite/Content/Characters/Mannequins/Rigs/Poses/Quinn/Quinn_calf_l_pose.uexp" 1278
"../../../Engine/Plugins/Animation/ControlRig/Content/Controls/DefaultGizmoLibrary.uasset" 1279
"../../../Engine/Plugins/Animation/ControlRig/Content/Controls/DefaultGizmoLibrary.uexp" 1280
"C:/Users/Brad/Jones Dropbox/Brad Jones/PC/Desktop/ProjectRoguelite/Content/Characters/Mannequins/Rigs/CR_Mannequin_Procedural.uasset" 1281
"C:/Users/Brad/Jones Dropbox/Brad Jones/PC/Desktop/ProjectRoguelite/Content/Characters/Mannequins/Rigs/CR_Mannequin_Procedural.uexp" 1282
"C:/Users/Brad/Jones Dropbox/Brad Jones/PC/Desktop/ProjectRoguelite/Content/Characters/Mannequins/Rigs/Poses/Quinn/Quinn_upperarm_r_anim.uasset" 1283
"C:/Users/Brad/Jones Dropbox/Brad Jones/PC/Desktop/ProjectRoguelite/Content/Characters/Mannequins/Rigs/Poses/Quinn/Quinn_upperarm_r_anim.uexp" 1284
"C:/Users/Brad/Jones Dropbox/Brad Jones/PC/Desktop/ProjectRoguelite/Content/Characters/Mannequins/Rigs/Poses/Quinn/Quinn_upperarm_r_pose.uasset" 1285
"C:/Users/Brad/Jones Dropbox/Brad Jones/PC/Desktop/ProjectRoguelite/Content/Characters/Mannequins/Rigs/Poses/Quinn/Quinn_upperarm_r_pose.uexp" 1286
"C:/Users/Brad/Jones Dropbox/Brad Jones/PC/Desktop/ProjectRoguelite/Content/Characters/Mannequins/Rigs/Poses/Quinn/Quinn_calf_r_anim.uasset" 1287
"C:/Users/Brad/Jones Dropbox/Brad Jones/PC/Desktop/ProjectRoguelite/Content/Characters/Mannequins/Rigs/Poses/Quinn/Quinn_calf_r_anim.uexp" 1288
"C:/Users/Brad/Jones Dropbox/Brad Jones/PC/Desktop/ProjectRoguelite/Content/Characters/Mannequins/Rigs/Poses/Quinn/Quinn_calf_r_pose.uasset" 1289
"C:/Users/Brad/Jones Dropbox/Brad Jones/PC/Desktop/ProjectRoguelite/Content/Characters/Mannequins/Rigs/Poses/Quinn/Quinn_calf_r_pose.uexp" 1290
"C:/Users/Brad/Jones Dropbox/Brad Jones/PC/Desktop/ProjectRoguelite/Content/Characters/Mannequins/Rigs/Poses/Quinn/Quinn_foot_r_anim.uasset" 1291
"C:/Users/Brad/Jones Dropbox/Brad Jones/PC/Desktop/ProjectRoguelite/Content/Characters/Mannequins/Rigs/Poses/Quinn/Quinn_foot_r_anim.uexp" 1292
"C:/Users/Brad/Jones Dropbox/Brad Jones/PC/Desktop/ProjectRoguelite/Content/Characters/Mannequins/Rigs/Poses/Quinn/Quinn_foot_r_pose.uasset" 1293
"C:/Users/Brad/Jones Dropbox/Brad Jones/PC/Desktop/ProjectRoguelite/Content/Characters/Mannequins/Rigs/Poses/Quinn/Quinn_foot_r_pose.uexp" 1294
"C:/Users/Brad/Jones Dropbox/Brad Jones/PC/Desktop/ProjectRoguelite/Content/Characters/Mannequins/Rigs/Poses/Quinn/Quinn_lowerarm_r_anim.uasset" 1295
"C:/Users/Brad/Jones Dropbox/Brad Jones/PC/Desktop/ProjectRoguelite/Content/Characters/Mannequins/Rigs/Poses/Quinn/Quinn_lowerarm_r_anim.uexp" 1296
"C:/Users/Brad/Jones Dropbox/Brad Jones/PC/Desktop/ProjectRoguelite/Content/Characters/Mannequins/Rigs/Poses/Quinn/Quinn_lowerarm_r_pose.uasset" 1297
"C:/Users/Brad/Jones Dropbox/Brad Jones/PC/Desktop/ProjectRoguelite/Content/Characters/Mannequins/Rigs/Poses/Quinn/Quinn_lowerarm_r_pose.uexp" 1298
"C:/Users/Brad/Jones Dropbox/Brad Jones/PC/Desktop/ProjectRoguelite/Content/Characters/Mannequins/Rigs/Poses/Quinn/Quinn_thigh_l_anim.uasset" 1299
"C:/Users/Brad/Jones Dropbox/Brad Jones/PC/Desktop/ProjectRoguelite/Content/Characters/Mannequins/Rigs/Poses/Quinn/Quinn_thigh_l_anim.uexp" 1300
"C:/Users/Brad/Jones Dropbox/Brad Jones/PC/Desktop/ProjectRoguelite/Content/Characters/Mannequins/Rigs/Poses/Quinn/Quinn_thigh_l_pose.uasset" 1301
"C:/Users/Brad/Jones Dropbox/Brad Jones/PC/Desktop/ProjectRoguelite/Content/Characters/Mannequins/Rigs/Poses/Quinn/Quinn_thigh_l_pose.uexp" 1302
"C:/Users/Brad/Jones Dropbox/Brad Jones/PC/Desktop/ProjectRoguelite/Content/Characters/Mannequins/Rigs/Poses/Quinn/Quinn_thigh_r_anim.uasset" 1303
"C:/Users/Brad/Jones Dropbox/Brad Jones/PC/Desktop/ProjectRoguelite/Content/Characters/Mannequins/Rigs/Poses/Quinn/Quinn_thigh_r_anim.uexp" 1304
"C:/Users/Brad/Jones Dropbox/Brad Jones/PC/Desktop/ProjectRoguelite/Content/Characters/Mannequins/Rigs/Poses/Quinn/Quinn_thigh_r_pose.uasset" 1305
"C:/Users/Brad/Jones Dropbox/Brad Jones/PC/Desktop/ProjectRoguelite/Content/Characters/Mannequins/Rigs/Poses/Quinn/Quinn_thigh_r_pose.uexp" 1306
"C:/Users/Brad/Jones Dropbox/Brad Jones/PC/Desktop/ProjectRoguelite/Content/Characters/Mannequins/Rigs/Poses/Quinn/Quinn_hand_l_anim.uasset" 1307
"C:/Users/Brad/Jones Dropbox/Brad Jones/PC/Desktop/ProjectRoguelite/Content/Characters/Mannequins/Rigs/Poses/Quinn/Quinn_hand_l_anim.uexp" 1308
"C:/Users/Brad/Jones Dropbox/Brad Jones/PC/Desktop/ProjectRoguelite/Content/Characters/Mannequins/Rigs/Poses/Quinn/Quinn_hand_l_pose.uasset" 1309
"C:/Users/Brad/Jones Dropbox/Brad Jones/PC/Desktop/ProjectRoguelite/Content/Characters/Mannequins/Rigs/Poses/Quinn/Quinn_hand_l_pose.uexp" 1310
"C:/Users/Brad/Jones Dropbox/Brad Jones/PC/Desktop/ProjectRoguelite/Content/Characters/Mannequins/Rigs/Poses/Quinn/Quinn_hand_r_anim.uasset" 1311
"C:/Users/Brad/Jones Dropbox/Brad Jones/PC/Desktop/ProjectRoguelite/Content/Characters/Mannequins/Rigs/Poses/Quinn/Quinn_hand_r_anim.uexp" 1312
"C:/Users/Brad/Jones Dropbox/Brad Jones/PC/Desktop/ProjectRoguelite/Content/Characters/Mannequins/Rigs/Poses/Quinn/Quinn_hand_r_pose.uasset" 1313
"C:/Users/Brad/Jones Dropbox/Brad Jones/PC/Desktop/ProjectRoguelite/Content/Characters/Mannequins/Rigs/Poses/Quinn/Quinn_hand_r_pose.uexp" 1314
"C:/Users/Brad/Jones Dropbox/Brad Jones/PC/Desktop/ProjectRoguelite/Content/Characters/Mannequins/Rigs/ABP_Quinn_PostProcess.uasset" 1315
"C:/Users/Brad/Jones Dropbox/Brad Jones/PC/Desktop/ProjectRoguelite/Content/Characters/Mannequins/Rigs/ABP_Quinn_PostProcess.uexp" 1316
"C:/Users/Brad/Jones Dropbox/Brad Jones/PC/Desktop/ProjectRoguelite/Content/Characters/Mannequins/Meshes/SKM_Quinn.uasset" 1317
"C:/Users/Brad/Jones Dropbox/Brad Jones/PC/Desktop/ProjectRoguelite/Content/Characters/Mannequins/Meshes/SKM_Quinn.uexp" 1318
"C:/Users/Brad/Jones Dropbox/Brad Jones/PC/Desktop/ProjectRoguelite/Content/Characters/Mannequins/Textures/Manny/T_Manny_02_MSR_MSK.ubulk" 1319
"C:/Users/Brad/Jones Dropbox/Brad Jones/PC/Desktop/ProjectRoguelite/Content/Characters/Mannequins/Textures/Manny/T_Manny_02_MSR_MSK.uasset" 1320
"C:/Users/Brad/Jones Dropbox/Brad Jones/PC/Desktop/ProjectRoguelite/Content/Characters/Mannequins/Textures/Manny/T_Manny_02_MSR_MSK.uexp" 1321
"C:/Users/Brad/Jones Dropbox/Brad Jones/PC/Desktop/ProjectRoguelite/Content/Characters/Mannequins/Textures/Manny/T_Manny_02_CCRCCPlastic_MSK.ubulk" 1322
"C:/Users/Brad/Jones Dropbox/Brad Jones/PC/Desktop/ProjectRoguelite/Content/Characters/Mannequins/Textures/Manny/T_Manny_02_CCRCCPlastic_MSK.uasset" 1323
"C:/Users/Brad/Jones Dropbox/Brad Jones/PC/Desktop/ProjectRoguelite/Content/Characters/Mannequins/Textures/Manny/T_Manny_02_CCRCCPlastic_MSK.uexp" 1324
"C:/Users/Brad/Jones Dropbox/Brad Jones/PC/Desktop/ProjectRoguelite/Content/Characters/Mannequins/Textures/Manny/T_Manny_02_Tan.ubulk" 1325
"C:/Users/Brad/Jones Dropbox/Brad Jones/PC/Desktop/ProjectRoguelite/Content/Characters/Mannequins/Textures/Manny/T_Manny_02_Tan.uasset" 1326
"C:/Users/Brad/Jones Dropbox/Brad Jones/PC/Desktop/ProjectRoguelite/Content/Characters/Mannequins/Textures/Manny/T_Manny_02_Tan.uexp" 1327
"C:/Users/Brad/Jones Dropbox/Brad Jones/PC/Desktop/ProjectRoguelite/Content/Characters/Mannequins/Textures/Manny/T_Manny_02_N.ubulk" 1328
"C:/Users/Brad/Jones Dropbox/Brad Jones/PC/Desktop/ProjectRoguelite/Content/Characters/Mannequins/Textures/Manny/T_Manny_02_N.uasset" 1329
"C:/Users/Brad/Jones Dropbox/Brad Jones/PC/Desktop/ProjectRoguelite/Content/Characters/Mannequins/Textures/Manny/T_Manny_02_N.uexp" 1330
"C:/Users/Brad/Jones Dropbox/Brad Jones/PC/Desktop/ProjectRoguelite/Content/Characters/Mannequins/Materials/Instances/Manny/MI_Manny_01.uasset" 1331
"C:/Users/Brad/Jones Dropbox/Brad Jones/PC/Desktop/ProjectRoguelite/Content/Characters/Mannequins/Materials/Instances/Manny/MI_Manny_01.uexp" 1332
"C:/Users/Brad/Jones Dropbox/Brad Jones/PC/Desktop/ProjectRoguelite/Content/Characters/Mannequins/Textures/Manny/T_Manny_02_BN.ubulk" 1333
"C:/Users/Brad/Jones Dropbox/Brad Jones/PC/Desktop/ProjectRoguelite/Content/Characters/Mannequins/Textures/Manny/T_Manny_02_BN.uasset" 1334
"C:/Users/Brad/Jones Dropbox/Brad Jones/PC/Desktop/ProjectRoguelite/Content/Characters/Mannequins/Textures/Manny/T_Manny_02_BN.uexp" 1335
"C:/Users/Brad/Jones Dropbox/Brad Jones/PC/Desktop/ProjectRoguelite/Content/Characters/Mannequins/Textures/Manny/T_Manny_02_ASAOPMASK_MSK.ubulk" 1336
"C:/Users/Brad/Jones Dropbox/Brad Jones/PC/Desktop/ProjectRoguelite/Content/Characters/Mannequins/Textures/Manny/T_Manny_02_ASAOPMASK_MSK.uasset" 1337
"C:/Users/Brad/Jones Dropbox/Brad Jones/PC/Desktop/ProjectRoguelite/Content/Characters/Mannequins/Textures/Manny/T_Manny_02_ASAOPMASK_MSK.uexp" 1338
"C:/Users/Brad/Jones Dropbox/Brad Jones/PC/Desktop/ProjectRoguelite/Content/Characters/Mannequins/Textures/Manny/T_Manny_02_D.ubulk" 1339
"C:/Users/Brad/Jones Dropbox/Brad Jones/PC/Desktop/ProjectRoguelite/Content/Characters/Mannequins/Textures/Manny/T_Manny_02_D.uasset" 1340
"C:/Users/Brad/Jones Dropbox/Brad Jones/PC/Desktop/ProjectRoguelite/Content/Characters/Mannequins/Textures/Manny/T_Manny_02_D.uexp" 1341
"C:/Users/Brad/Jones Dropbox/Brad Jones/PC/Desktop/ProjectRoguelite/Content/Characters/Mannequins/Materials/Instances/Manny/MI_Manny_02.uasset" 1342
"C:/Users/Brad/Jones Dropbox/Brad Jones/PC/Desktop/ProjectRoguelite/Content/Characters/Mannequins/Materials/Instances/Manny/MI_Manny_02.uexp" 1343
"C:/Users/Brad/Jones Dropbox/Brad Jones/PC/Desktop/ProjectRoguelite/Content/Characters/Mannequins/Meshes/SKM_Manny_Simple.uasset" 1344
"C:/Users/Brad/Jones Dropbox/Brad Jones/PC/Desktop/ProjectRoguelite/Content/Characters/Mannequins/Meshes/SKM_Manny_Simple.uexp" 1345
"C:/Users/Brad/Jones Dropbox/Brad Jones/PC/Desktop/ProjectRoguelite/Content/Characters/Mannequins/Rigs/Poses/Manny/Manny_foot_l_anim.uasset" 1346
"C:/Users/Brad/Jones Dropbox/Brad Jones/PC/Desktop/ProjectRoguelite/Content/Characters/Mannequins/Rigs/Poses/Manny/Manny_foot_l_anim.uexp" 1347
"C:/Users/Brad/Jones Dropbox/Brad Jones/PC/Desktop/ProjectRoguelite/Content/Characters/Mannequins/Rigs/Poses/Manny/Manny_foot_l_pose.uasset" 1348
"C:/Users/Brad/Jones Dropbox/Brad Jones/PC/Desktop/ProjectRoguelite/Content/Characters/Mannequins/Rigs/Poses/Manny/Manny_foot_l_pose.uexp" 1349
"C:/Users/Brad/Jones Dropbox/Brad Jones/PC/Desktop/ProjectRoguelite/Content/Characters/Mannequins/Rigs/Poses/Manny/Manny_thigh_r_anim.uasset" 1350
"C:/Users/Brad/Jones Dropbox/Brad Jones/PC/Desktop/ProjectRoguelite/Content/Characters/Mannequins/Rigs/Poses/Manny/Manny_thigh_r_anim.uexp" 1351
"C:/Users/Brad/Jones Dropbox/Brad Jones/PC/Desktop/ProjectRoguelite/Content/Characters/Mannequins/Rigs/Poses/Manny/Manny_thigh_r_pose.uasset" 1352
"C:/Users/Brad/Jones Dropbox/Brad Jones/PC/Desktop/ProjectRoguelite/Content/Characters/Mannequins/Rigs/Poses/Manny/Manny_thigh_r_pose.uexp" 1353
"C:/Users/Brad/Jones Dropbox/Brad Jones/PC/Desktop/ProjectRoguelite/Content/Characters/Mannequins/Rigs/Poses/Manny/Manny_hand_r_anim.uasset" 1354
"C:/Users/Brad/Jones Dropbox/Brad Jones/PC/Desktop/ProjectRoguelite/Content/Characters/Mannequins/Rigs/Poses/Manny/Manny_hand_r_anim.uexp" 1355
"C:/Users/Brad/Jones Dropbox/Brad Jones/PC/Desktop/ProjectRoguelite/Content/Characters/Mannequins/Rigs/Poses/Manny/Manny_hand_r_pose.uasset" 1356
"C:/Users/Brad/Jones Dropbox/Brad Jones/PC/Desktop/ProjectRoguelite/Content/Characters/Mannequins/Rigs/Poses/Manny/Manny_hand_r_pose.uexp" 1357
"C:/Users/Brad/Jones Dropbox/Brad Jones/PC/Desktop/ProjectRoguelite/Content/Characters/Mannequins/Rigs/Poses/Manny/Manny_clavicle_l_anim.uasset" 1358
"C:/Users/Brad/Jones Dropbox/Brad Jones/PC/Desktop/ProjectRoguelite/Content/Characters/Mannequins/Rigs/Poses/Manny/Manny_clavicle_l_anim.uexp" 1359
"C:/Users/Brad/Jones Dropbox/Brad Jones/PC/Desktop/ProjectRoguelite/Content/Characters/Mannequins/Rigs/Poses/Manny/Manny_clavicle_l_pose.uasset" 1360
"C:/Users/Brad/Jones Dropbox/Brad Jones/PC/Desktop/ProjectRoguelite/Content/Characters/Mannequins/Rigs/Poses/Manny/Manny_clavicle_l_pose.uexp" 1361
"C:/Users/Brad/Jones Dropbox/Brad Jones/PC/Desktop/ProjectRoguelite/Content/Characters/Mannequins/Rigs/Poses/Manny/Manny_calf_l_anim.uasset" 1362
"C:/Users/Brad/Jones Dropbox/Brad Jones/PC/Desktop/ProjectRoguelite/Content/Characters/Mannequins/Rigs/Poses/Manny/Manny_calf_l_anim.uexp" 1363
"C:/Users/Brad/Jones Dropbox/Brad Jones/PC/Desktop/ProjectRoguelite/Content/Characters/Mannequins/Rigs/Poses/Manny/Manny_calf_l_pose.uasset" 1364
"C:/Users/Brad/Jones Dropbox/Brad Jones/PC/Desktop/ProjectRoguelite/Content/Characters/Mannequins/Rigs/Poses/Manny/Manny_calf_l_pose.uexp" 1365
"C:/Users/Brad/Jones Dropbox/Brad Jones/PC/Desktop/ProjectRoguelite/Content/Characters/Mannequins/Rigs/Poses/Manny/Manny_hand_l_anim.uasset" 1366
"C:/Users/Brad/Jones Dropbox/Brad Jones/PC/Desktop/ProjectRoguelite/Content/Characters/Mannequins/Rigs/Poses/Manny/Manny_hand_l_anim.uexp" 1367
"C:/Users/Brad/Jones Dropbox/Brad Jones/PC/Desktop/ProjectRoguelite/Content/Characters/Mannequins/Rigs/Poses/Manny/Manny_hand_l_pose.uasset" 1368
"C:/Users/Brad/Jones Dropbox/Brad Jones/PC/Desktop/ProjectRoguelite/Content/Characters/Mannequins/Rigs/Poses/Manny/Manny_hand_l_pose.uexp" 1369
"C:/Users/Brad/Jones Dropbox/Brad Jones/PC/Desktop/ProjectRoguelite/Content/Characters/Mannequins/Rigs/Poses/Manny/Manny_upperarm_r_anim.uasset" 1370
"C:/Users/Brad/Jones Dropbox/Brad Jones/PC/Desktop/ProjectRoguelite/Content/Characters/Mannequins/Rigs/Poses/Manny/Manny_upperarm_r_anim.uexp" 1371
"C:/Users/Brad/Jones Dropbox/Brad Jones/PC/Desktop/ProjectRoguelite/Content/Characters/Mannequins/Rigs/Poses/Manny/Manny_upperarm_r_pose.uasset" 1372
"C:/Users/Brad/Jones Dropbox/Brad Jones/PC/Desktop/ProjectRoguelite/Content/Characters/Mannequins/Rigs/Poses/Manny/Manny_upperarm_r_pose.uexp" 1373
"C:/Users/Brad/Jones Dropbox/Brad Jones/PC/Desktop/ProjectRoguelite/Content/Characters/Mannequins/Rigs/Poses/Manny/Manny_lowerarm_r_anim.uasset" 1374
"C:/Users/Brad/Jones Dropbox/Brad Jones/PC/Desktop/ProjectRoguelite/Content/Characters/Mannequins/Rigs/Poses/Manny/Manny_lowerarm_r_anim.uexp" 1375
"C:/Users/Brad/Jones Dropbox/Brad Jones/PC/Desktop/ProjectRoguelite/Content/Characters/Mannequins/Rigs/Poses/Manny/Manny_lowerarm_r_pose.uasset" 1376
"C:/Users/Brad/Jones Dropbox/Brad Jones/PC/Desktop/ProjectRoguelite/Content/Characters/Mannequins/Rigs/Poses/Manny/Manny_lowerarm_r_pose.uexp" 1377
"C:/Users/Brad/Jones Dropbox/Brad Jones/PC/Desktop/ProjectRoguelite/Content/Characters/Mannequins/Rigs/Poses/Manny/Manny_calf_r_anim.uasset" 1378
"C:/Users/Brad/Jones Dropbox/Brad Jones/PC/Desktop/ProjectRoguelite/Content/Characters/Mannequins/Rigs/Poses/Manny/Manny_calf_r_anim.uexp" 1379
"C:/Users/Brad/Jones Dropbox/Brad Jones/PC/Desktop/ProjectRoguelite/Content/Characters/Mannequins/Rigs/Poses/Manny/Manny_calf_r_pose.uasset" 1380
"C:/Users/Brad/Jones Dropbox/Brad Jones/PC/Desktop/ProjectRoguelite/Content/Characters/Mannequins/Rigs/Poses/Manny/Manny_calf_r_pose.uexp" 1381
"C:/Users/Brad/Jones Dropbox/Brad Jones/PC/Desktop/ProjectRoguelite/Content/Characters/Mannequins/Rigs/Poses/Manny/Manny_foot_r_anim.uasset" 1382
"C:/Users/Brad/Jones Dropbox/Brad Jones/PC/Desktop/ProjectRoguelite/Content/Characters/Mannequins/Rigs/Poses/Manny/Manny_foot_r_anim.uexp" 1383
"C:/Users/Brad/Jones Dropbox/Brad Jones/PC/Desktop/ProjectRoguelite/Content/Characters/Mannequins/Rigs/Poses/Manny/Manny_foot_r_pose.uasset" 1384
"C:/Users/Brad/Jones Dropbox/Brad Jones/PC/Desktop/ProjectRoguelite/Content/Characters/Mannequins/Rigs/Poses/Manny/Manny_foot_r_pose.uexp" 1385
"C:/Users/Brad/Jones Dropbox/Brad Jones/PC/Desktop/ProjectRoguelite/Content/Characters/Mannequins/Rigs/Poses/Manny/Manny_lowerarm_l_anim.uasset" 1386
"C:/Users/Brad/Jones Dropbox/Brad Jones/PC/Desktop/ProjectRoguelite/Content/Characters/Mannequins/Rigs/Poses/Manny/Manny_lowerarm_l_anim.uexp" 1387
"C:/Users/Brad/Jones Dropbox/Brad Jones/PC/Desktop/ProjectRoguelite/Content/Characters/Mannequins/Rigs/Poses/Manny/Manny_lowerarm_l_pose.uasset" 1388
"C:/Users/Brad/Jones Dropbox/Brad Jones/PC/Desktop/ProjectRoguelite/Content/Characters/Mannequins/Rigs/Poses/Manny/Manny_lowerarm_l_pose.uexp" 1389
"C:/Users/Brad/Jones Dropbox/Brad Jones/PC/Desktop/ProjectRoguelite/Content/Characters/Mannequins/Rigs/Poses/Manny/Manny_clavicle_r_anim.uasset" 1390
"C:/Users/Brad/Jones Dropbox/Brad Jones/PC/Desktop/ProjectRoguelite/Content/Characters/Mannequins/Rigs/Poses/Manny/Manny_clavicle_r_anim.uexp" 1391
"C:/Users/Brad/Jones Dropbox/Brad Jones/PC/Desktop/ProjectRoguelite/Content/Characters/Mannequins/Rigs/Poses/Manny/Manny_clavicle_r_pose.uasset" 1392
"C:/Users/Brad/Jones Dropbox/Brad Jones/PC/Desktop/ProjectRoguelite/Content/Characters/Mannequins/Rigs/Poses/Manny/Manny_clavicle_r_pose.uexp" 1393
"C:/Users/Brad/Jones Dropbox/Brad Jones/PC/Desktop/ProjectRoguelite/Content/Characters/Mannequins/Rigs/Poses/Manny/Manny_thigh_l_anim.uasset" 1394
"C:/Users/Brad/Jones Dropbox/Brad Jones/PC/Desktop/ProjectRoguelite/Content/Characters/Mannequins/Rigs/Poses/Manny/Manny_thigh_l_anim.uexp" 1395
"C:/Users/Brad/Jones Dropbox/Brad Jones/PC/Desktop/ProjectRoguelite/Content/Characters/Mannequins/Rigs/Poses/Manny/Manny_thigh_l_pose.uasset" 1396
"C:/Users/Brad/Jones Dropbox/Brad Jones/PC/Desktop/ProjectRoguelite/Content/Characters/Mannequins/Rigs/Poses/Manny/Manny_thigh_l_pose.uexp" 1397
"C:/Users/Brad/Jones Dropbox/Brad Jones/PC/Desktop/ProjectRoguelite/Content/Characters/Mannequins/Rigs/Poses/Manny/Manny_upperarm_l_anim.uasset" 1398
"C:/Users/Brad/Jones Dropbox/Brad Jones/PC/Desktop/ProjectRoguelite/Content/Characters/Mannequins/Rigs/Poses/Manny/Manny_upperarm_l_anim.uexp" 1399
"C:/Users/Brad/Jones Dropbox/Brad Jones/PC/Desktop/ProjectRoguelite/Content/Characters/Mannequins/Rigs/Poses/Manny/Manny_upperarm_l_pose.uasset" 1400
"C:/Users/Brad/Jones Dropbox/Brad Jones/PC/Desktop/ProjectRoguelite/Content/Characters/Mannequins/Rigs/Poses/Manny/Manny_upperarm_l_pose.uexp" 1401
"C:/Users/Brad/Jones Dropbox/Brad Jones/PC/Desktop/ProjectRoguelite/Content/Characters/Mannequins/Rigs/ABP_Manny_PostProcess.uasset" 1402
"C:/Users/Brad/Jones Dropbox/Brad Jones/PC/Desktop/ProjectRoguelite/Content/Characters/Mannequins/Rigs/ABP_Manny_PostProcess.uexp" 1403
"C:/Users/Brad/Jones Dropbox/Brad Jones/PC/Desktop/ProjectRoguelite/Content/Characters/Mannequins/Meshes/SKM_Manny.uasset" 1404
"C:/Users/Brad/Jones Dropbox/Brad Jones/PC/Desktop/ProjectRoguelite/Content/Characters/Mannequins/Meshes/SKM_Manny.uexp" 1405
"C:/Users/Brad/Jones Dropbox/Brad Jones/PC/Desktop/ProjectRoguelite/Content/Characters/Mannequins/Meshes/Mannequin_LODSettings.uasset" 1406
"C:/Users/Brad/Jones Dropbox/Brad Jones/PC/Desktop/ProjectRoguelite/Content/Characters/Mannequins/Meshes/Mannequin_LODSettings.uexp" 1407
"C:/Users/Brad/Jones Dropbox/Brad Jones/PC/Desktop/ProjectRoguelite/Content/Characters/Mannequins/Animations/Quinn/MF_Run_Fwd.uasset" 1408
"C:/Users/Brad/Jones Dropbox/Brad Jones/PC/Desktop/ProjectRoguelite/Content/Characters/Mannequins/Animations/Quinn/MF_Run_Fwd.uexp" 1409
"C:/Users/Brad/Jones Dropbox/Brad Jones/PC/Desktop/ProjectRoguelite/Content/Characters/Mannequins/Animations/Quinn/MF_Walk_Fwd.uasset" 1410
"C:/Users/Brad/Jones Dropbox/Brad Jones/PC/Desktop/ProjectRoguelite/Content/Characters/Mannequins/Animations/Quinn/MF_Walk_Fwd.uexp" 1411
"../../../Engine/Content/Animation/DefaultRecorderBoneCompression.uasset" 1412
"../../../Engine/Content/Animation/DefaultRecorderBoneCompression.uexp" 1413
"C:/Users/Brad/Jones Dropbox/Brad Jones/PC/Desktop/ProjectRoguelite/Content/Characters/Mannequins/Animations/Manny/MM_Walk_InPlace.uasset" 1414
"C:/Users/Brad/Jones Dropbox/Brad Jones/PC/Desktop/ProjectRoguelite/Content/Characters/Mannequins/Animations/Manny/MM_Walk_InPlace.uexp" 1415
"C:/Users/Brad/Jones Dropbox/Brad Jones/PC/Desktop/ProjectRoguelite/Content/Characters/Mannequins/Animations/Quinn/BS_MF_Unarmed_WalkRun.uasset" 1416
"C:/Users/Brad/Jones Dropbox/Brad Jones/PC/Desktop/ProjectRoguelite/Content/Characters/Mannequins/Animations/Quinn/BS_MF_Unarmed_WalkRun.uexp" 1417
"C:/Users/Brad/Jones Dropbox/Brad Jones/PC/Desktop/ProjectRoguelite/Content/Characters/Mannequins/Animations/Quinn/MF_Idle.uasset" 1418
"C:/Users/Brad/Jones Dropbox/Brad Jones/PC/Desktop/ProjectRoguelite/Content/Characters/Mannequins/Animations/Quinn/MF_Idle.uexp" 1419
"C:/Users/Brad/Jones Dropbox/Brad Jones/PC/Desktop/ProjectRoguelite/Content/Characters/Mannequins/Animations/Manny/MM_Fall_Loop.uasset" 1420
"C:/Users/Brad/Jones Dropbox/Brad Jones/PC/Desktop/ProjectRoguelite/Content/Characters/Mannequins/Animations/Manny/MM_Fall_Loop.uexp" 1421
"C:/Users/Brad/Jones Dropbox/Brad Jones/PC/Desktop/ProjectRoguelite/Content/Characters/Mannequins/Animations/Manny/MM_Jump.uasset" 1422
"C:/Users/Brad/Jones Dropbox/Brad Jones/PC/Desktop/ProjectRoguelite/Content/Characters/Mannequins/Animations/Manny/MM_Jump.uexp" 1423
"C:/Users/Brad/Jones Dropbox/Brad Jones/PC/Desktop/ProjectRoguelite/Content/Characters/Mannequins/Rigs/CR_Mannequin_BasicFootIK.uasset" 1424
"C:/Users/Brad/Jones Dropbox/Brad Jones/PC/Desktop/ProjectRoguelite/Content/Characters/Mannequins/Rigs/CR_Mannequin_BasicFootIK.uexp" 1425
"C:/Users/Brad/Jones Dropbox/Brad Jones/PC/Desktop/ProjectRoguelite/Content/Characters/Mannequins/Animations/Manny/MM_Run_Fwd.uasset" 1426
"C:/Users/Brad/Jones Dropbox/Brad Jones/PC/Desktop/ProjectRoguelite/Content/Characters/Mannequins/Animations/Manny/MM_Run_Fwd.uexp" 1427
"C:/Users/Brad/Jones Dropbox/Brad Jones/PC/Desktop/ProjectRoguelite/Content/Characters/Mannequins/Animations/Manny/MM_Walk_Fwd.uasset" 1428
"C:/Users/Brad/Jones Dropbox/Brad Jones/PC/Desktop/ProjectRoguelite/Content/Characters/Mannequins/Animations/Manny/MM_Walk_Fwd.uexp" 1429
"C:/Users/Brad/Jones Dropbox/Brad Jones/PC/Desktop/ProjectRoguelite/Content/Characters/Mannequins/Animations/Manny/BS_MM_WalkRun.uasset" 1430
"C:/Users/Brad/Jones Dropbox/Brad Jones/PC/Desktop/ProjectRoguelite/Content/Characters/Mannequins/Animations/Manny/BS_MM_WalkRun.uexp" 1431
"C:/Users/Brad/Jones Dropbox/Brad Jones/PC/Desktop/ProjectRoguelite/Content/Characters/Mannequins/Animations/Manny/MM_Land.uasset" 1432
"C:/Users/Brad/Jones Dropbox/Brad Jones/PC/Desktop/ProjectRoguelite/Content/Characters/Mannequins/Animations/Manny/MM_Land.uexp" 1433
"C:/Users/Brad/Jones Dropbox/Brad Jones/PC/Desktop/ProjectRoguelite/Content/Characters/Mannequins/Animations/Manny/MM_Idle.uasset" 1434
"C:/Users/Brad/Jones Dropbox/Brad Jones/PC/Desktop/ProjectRoguelite/Content/Characters/Mannequins/Animations/Manny/MM_Idle.uexp" 1435
"C:/Users/Brad/Jones Dropbox/Brad Jones/PC/Desktop/ProjectRoguelite/Content/Characters/Mannequins/Animations/ABP_Manny.uasset" 1436
"C:/Users/Brad/Jones Dropbox/Brad Jones/PC/Desktop/ProjectRoguelite/Content/Characters/Mannequins/Animations/ABP_Manny.uexp" 1437
"C:/Users/Brad/Jones Dropbox/Brad Jones/PC/Desktop/ProjectRoguelite/Content/Characters/Mannequins/Animations/ABP_Quinn.uasset" 1438
"C:/Users/Brad/Jones Dropbox/Brad Jones/PC/Desktop/ProjectRoguelite/Content/Characters/Mannequins/Animations/ABP_Quinn.uexp" 1439
"../../../Engine/Content/Functions/Engine_MaterialFunctions01/Shading/PowerToRoughness.uasset" 1440
"../../../Engine/Content/Functions/Engine_MaterialFunctions01/Shading/PowerToRoughness.uexp" 1441
"../../../Engine/Content/Functions/Engine_MaterialFunctions01/Shading/ConvertFromDiffSpec.uasset" 1442
"../../../Engine/Content/Functions/Engine_MaterialFunctions01/Shading/ConvertFromDiffSpec.uexp" 1443
"../../../Engine/Content/EngineMaterials/Substrate/Volume/SubstrateSimpleVolumeLUT3D.uasset" 1444
"../../../Engine/Content/EngineMaterials/Substrate/Volume/SubstrateSimpleVolumeLUT3D.uexp" 1445
"../../../Engine/Content/EngineMaterials/Substrate/Volume/SubstrateSimpleVolumeEnvLUT3D.uasset" 1446
"../../../Engine/Content/EngineMaterials/Substrate/Volume/SubstrateSimpleVolumeEnvLUT3D.uexp" 1447
"../../../Engine/Content/EngineMaterials/Substrate/GLints2/AGlintTex2dArray2.uasset" 1448
"../../../Engine/Content/EngineMaterials/Substrate/GLints2/AGlintTex2dArray2.uexp" 1449
"../../../Engine/Content/EngineMaterials/Substrate/GLints/AGlintTex2dArray.uasset" 1450
"../../../Engine/Content/EngineMaterials/Substrate/GLints/AGlintTex2dArray.uexp" 1451
"C:/Users/Brad/Jones Dropbox/Brad Jones/PC/Desktop/ProjectRoguelite/Content/Characters/Mannequins/Animations/Manny/MM_T_Pose.uasset" 1452
"C:/Users/Brad/Jones Dropbox/Brad Jones/PC/Desktop/ProjectRoguelite/Content/Characters/Mannequins/Animations/Manny/MM_T_Pose.uexp" 1453
"C:/Users/Brad/Jones Dropbox/Brad Jones/PC/Desktop/ProjectRoguelite/Content/Materials/Orbs/M_DamageOrb.uasset" 1454
"C:/Users/Brad/Jones Dropbox/Brad Jones/PC/Desktop/ProjectRoguelite/Content/Materials/Orbs/M_DamageOrb.uexp" 1455
"C:/Users/Brad/Jones Dropbox/Brad Jones/PC/Desktop/ProjectRoguelite/Content/Blueprints/Orbs/BP_DamageOrb.uasset" 1456
"C:/Users/Brad/Jones Dropbox/Brad Jones/PC/Desktop/ProjectRoguelite/Content/Blueprints/Orbs/BP_DamageOrb.uexp" 1457
"C:/Users/Brad/Jones Dropbox/Brad Jones/PC/Desktop/ProjectRoguelite/Content/LevelPrototyping/Meshes/SM_Cube.ubulk" 1458
"C:/Users/Brad/Jones Dropbox/Brad Jones/PC/Desktop/ProjectRoguelite/Content/LevelPrototyping/Meshes/SM_Cube.uasset" 1459
"C:/Users/Brad/Jones Dropbox/Brad Jones/PC/Desktop/ProjectRoguelite/Content/LevelPrototyping/Meshes/SM_Cube.uexp" 1460
"../../../Engine/Content/EngineSky/T_Sky_Stars.ubulk" 1461
"../../../Engine/Content/EngineSky/T_Sky_Stars.uasset" 1462
"../../../Engine/Content/EngineSky/T_Sky_Stars.uexp" 1463
"../../../Engine/Content/EngineSky/T_Sky_Clouds_M.ubulk" 1464
"../../../Engine/Content/EngineSky/T_Sky_Clouds_M.uasset" 1465
"../../../Engine/Content/EngineSky/T_Sky_Clouds_M.uexp" 1466
"../../../Engine/Content/EngineSky/T_Sky_Blue.ubulk" 1467
"../../../Engine/Content/EngineSky/T_Sky_Blue.uasset" 1468
"../../../Engine/Content/EngineSky/T_Sky_Blue.uexp" 1469
"../../../Engine/Content/EngineSky/M_Sky_Panning_Clouds2.uasset" 1470
"../../../Engine/Content/EngineSky/M_Sky_Panning_Clouds2.uexp" 1471
"../../../Engine/Content/EngineSky/SM_SkySphere.ubulk" 1472
"../../../Engine/Content/EngineSky/SM_SkySphere.uasset" 1473
"../../../Engine/Content/EngineSky/SM_SkySphere.uexp" 1474
"../../../Engine/Content/EngineSky/M_SimpleSkyDome.uasset" 1475
"../../../Engine/Content/EngineSky/M_SimpleSkyDome.uexp" 1476
"../../../Engine/Content/BasicShapes/Cylinder.ubulk" 1477
"../../../Engine/Content/BasicShapes/Cylinder.uasset" 1478
"../../../Engine/Content/BasicShapes/Cylinder.uexp" 1479
"C:/Users/Brad/Jones Dropbox/Brad Jones/PC/Desktop/ProjectRoguelite/Content/Enemies/BP_EnemySpawner.uasset" 1480
"C:/Users/Brad/Jones Dropbox/Brad Jones/PC/Desktop/ProjectRoguelite/Content/Enemies/BP_EnemySpawner.uexp" 1481
"../../../Engine/Content/Maps/Entry_BuiltData.uasset" 1482
"../../../Engine/Content/Maps/Entry_BuiltData.uexp" 1483
"../../../Engine/Content/Maps/Entry.uexp" 1484
"../../../Engine/Content/Maps/Entry.umap" 1485
"C:/Users/Brad/Jones Dropbox/Brad Jones/PC/Desktop/ProjectRoguelite/Content/ThirdPerson/Blueprints/BP_ThirdPersonGameMode.uasset" 1486
"C:/Users/Brad/Jones Dropbox/Brad Jones/PC/Desktop/ProjectRoguelite/Content/ThirdPerson/Blueprints/BP_ThirdPersonGameMode.uexp" 1487
"C:/Users/Brad/Jones Dropbox/Brad Jones/PC/Desktop/ProjectRoguelite/Content/ThirdPerson/Maps/ThirdPersonMap.uexp" 1488
"C:/Users/Brad/Jones Dropbox/Brad Jones/PC/Desktop/ProjectRoguelite/Content/ThirdPerson/Maps/ThirdPersonMap.umap" 1489
"../../../Engine/Content/BasicShapes/Plane.ubulk" 1490
"../../../Engine/Content/BasicShapes/Plane.uasset" 1491
"../../../Engine/Content/BasicShapes/Plane.uexp" 1492
"C:/Users/Brad/Jones Dropbox/Brad Jones/PC/Desktop/ProjectRoguelite/Content/Assets/Levels/AlphaTestDungeon_The_Pillar_002.ubulk" 1493
"C:/Users/Brad/Jones Dropbox/Brad Jones/PC/Desktop/ProjectRoguelite/Content/Assets/Levels/AlphaTestDungeon_The_Pillar_002.uasset" 1494
"C:/Users/Brad/Jones Dropbox/Brad Jones/PC/Desktop/ProjectRoguelite/Content/Assets/Levels/AlphaTestDungeon_The_Pillar_002.uexp" 1495
"C:/Users/Brad/Jones Dropbox/Brad Jones/PC/Desktop/ProjectRoguelite/Content/Assets/Levels/AlphaTestDungeon_TheRoom.ubulk" 1496
"C:/Users/Brad/Jones Dropbox/Brad Jones/PC/Desktop/ProjectRoguelite/Content/Assets/Levels/AlphaTestDungeon_TheRoom.uasset" 1497
"C:/Users/Brad/Jones Dropbox/Brad Jones/PC/Desktop/ProjectRoguelite/Content/Assets/Levels/AlphaTestDungeon_TheRoom.uexp" 1498
"C:/Users/Brad/Jones Dropbox/Brad Jones/PC/Desktop/ProjectRoguelite/Content/Assets/Levels/AlphaTestDungeon_The_Pillar_004.ubulk" 1499
"C:/Users/Brad/Jones Dropbox/Brad Jones/PC/Desktop/ProjectRoguelite/Content/Assets/Levels/AlphaTestDungeon_The_Pillar_004.uasset" 1500
"C:/Users/Brad/Jones Dropbox/Brad Jones/PC/Desktop/ProjectRoguelite/Content/Assets/Levels/AlphaTestDungeon_The_Pillar_004.uexp" 1501
"C:/Users/Brad/Jones Dropbox/Brad Jones/PC/Desktop/ProjectRoguelite/Content/Assets/Levels/M_M.uasset" 1502
"C:/Users/Brad/Jones Dropbox/Brad Jones/PC/Desktop/ProjectRoguelite/Content/Assets/Levels/M_M.uexp" 1503
"C:/Users/Brad/Jones Dropbox/Brad Jones/PC/Desktop/ProjectRoguelite/Content/Assets/Levels/M_M1.uasset" 1504
"C:/Users/Brad/Jones Dropbox/Brad Jones/PC/Desktop/ProjectRoguelite/Content/Assets/Levels/M_M1.uexp" 1505
"C:/Users/Brad/Jones Dropbox/Brad Jones/PC/Desktop/ProjectRoguelite/Content/Assets/Levels/AlphaTestDungeon_The_Pillar.ubulk" 1506
"C:/Users/Brad/Jones Dropbox/Brad Jones/PC/Desktop/ProjectRoguelite/Content/Assets/Levels/AlphaTestDungeon_The_Pillar.uasset" 1507
"C:/Users/Brad/Jones Dropbox/Brad Jones/PC/Desktop/ProjectRoguelite/Content/Assets/Levels/AlphaTestDungeon_The_Pillar.uexp" 1508
"C:/Users/Brad/Jones Dropbox/Brad Jones/PC/Desktop/ProjectRoguelite/Content/Assets/Levels/AlphaTestDungeon_The_Pillar_003.ubulk" 1509
"C:/Users/Brad/Jones Dropbox/Brad Jones/PC/Desktop/ProjectRoguelite/Content/Assets/Levels/AlphaTestDungeon_The_Pillar_003.uasset" 1510
"C:/Users/Brad/Jones Dropbox/Brad Jones/PC/Desktop/ProjectRoguelite/Content/Assets/Levels/AlphaTestDungeon_The_Pillar_003.uexp" 1511
"C:/Users/Brad/Jones Dropbox/Brad Jones/PC/Desktop/ProjectRoguelite/Content/Assets/Levels/AlphaTestDungeon_The_Pillar_005.ubulk" 1512
"C:/Users/Brad/Jones Dropbox/Brad Jones/PC/Desktop/ProjectRoguelite/Content/Assets/Levels/AlphaTestDungeon_The_Pillar_005.uasset" 1513
"C:/Users/Brad/Jones Dropbox/Brad Jones/PC/Desktop/ProjectRoguelite/Content/Assets/Levels/AlphaTestDungeon_The_Pillar_005.uexp" 1514
"C:/Users/Brad/Jones Dropbox/Brad Jones/PC/Desktop/ProjectRoguelite/Content/Assets/Levels/AlphaTestDungeon_TheChair.ubulk" 1515
"C:/Users/Brad/Jones Dropbox/Brad Jones/PC/Desktop/ProjectRoguelite/Content/Assets/Levels/AlphaTestDungeon_TheChair.uasset" 1516
"C:/Users/Brad/Jones Dropbox/Brad Jones/PC/Desktop/ProjectRoguelite/Content/Assets/Levels/AlphaTestDungeon_TheChair.uexp" 1517
"C:/Users/Brad/Jones Dropbox/Brad Jones/PC/Desktop/ProjectRoguelite/Content/Assets/Levels/AlphaTestDungeon_TheDoor.ubulk" 1518
"C:/Users/Brad/Jones Dropbox/Brad Jones/PC/Desktop/ProjectRoguelite/Content/Assets/Levels/AlphaTestDungeon_TheDoor.uasset" 1519
"C:/Users/Brad/Jones Dropbox/Brad Jones/PC/Desktop/ProjectRoguelite/Content/Assets/Levels/AlphaTestDungeon_TheDoor.uexp" 1520
"C:/Users/Brad/Jones Dropbox/Brad Jones/PC/Desktop/ProjectRoguelite/Content/Assets/Levels/AlphaTestDungeon_The_Pillar_001.ubulk" 1521
"C:/Users/Brad/Jones Dropbox/Brad Jones/PC/Desktop/ProjectRoguelite/Content/Assets/Levels/AlphaTestDungeon_The_Pillar_001.uasset" 1522
"C:/Users/Brad/Jones Dropbox/Brad Jones/PC/Desktop/ProjectRoguelite/Content/Assets/Levels/AlphaTestDungeon_The_Pillar_001.uexp" 1523
"C:/Users/Brad/Jones Dropbox/Brad Jones/PC/Desktop/ProjectRoguelite/Content/ThirdPerson/Maps/AlphaTestWorld.uexp" 1524
"C:/Users/Brad/Jones Dropbox/Brad Jones/PC/Desktop/ProjectRoguelite/Content/ThirdPerson/Maps/AlphaTestWorld.umap" 1525
"C:/Users/Brad/Jones Dropbox/Brad Jones/PC/Desktop/ProjectRoguelite/Content/UserInterface/UI_ContentWarning.uasset" 1526
"C:/Users/Brad/Jones Dropbox/Brad Jones/PC/Desktop/ProjectRoguelite/Content/UserInterface/UI_ContentWarning.uexp" 1527
"C:/Users/Brad/Jones Dropbox/Brad Jones/PC/Desktop/ProjectRoguelite/Content/ThirdPerson/Maps/MainMenu.uexp" 1528
"C:/Users/Brad/Jones Dropbox/Brad Jones/PC/Desktop/ProjectRoguelite/Content/ThirdPerson/Maps/MainMenu.umap" 1529
